cluster,mechanic,track,name,address,postcode,type,channel,write_to,email,email_skipped,instagram,facebook,whatsapp,phone,phone_type,website,google_maps,placeId
Crystal Palace,curated_object,books,Bookseller Crow On The Hill,"50 Westow St, London",SE19 3AF,Book store,email,jonathan@booksellercrow.co.uk,jonathan@booksellercrow.co.uk,,https://instagram.com/booksellercrow,https://www.facebook.com/booksellercrow,,+44 20 8771 8831,landline,http://www.booksellercrow.co.uk/,https://maps.google.com/?cid=18178661737502269567&g_mp=Cidnb29nbGUubWFwcy5wbGFjZXMudjEuUGxhY2VzLlNlYXJjaFRleHQQAhgEIAA,ChIJs_lkhU8BdkgRf-DOG4mUR_w
Crystal Palace,curated_object,fashion,Coconut Trading Ltd,"68 Church Rd, London",SE19 2EZ,Gift shop,instagram_dm,https://www.instagram.com/coconut_trading/,,,https://www.instagram.com/coconut_trading/,https://www.facebook.com/coconuttrading/,,+44 20 8771 0700,landline,,https://maps.google.com/?cid=10001479748603087347&g_mp=Cidnb29nbGUubWFwcy5wbGFjZXMudjEuUGxhY2VzLlNlYXJjaFRleHQQAhgEIAA,ChIJH51un0UBdkgR8wnAW9dkzIo
Crystal Palace,curated_object,flowers,Crystal Palace Flowers,"The Alma, 95 Church Rd, London",SE19 2TA,Florist,email,info@crystalpalaceflowers.co.uk,info@crystalpalaceflowers.co.uk,,,https://www.facebook.com/1907959006144596,https://wa.me/447930348028,+44 7930 348028,mobile,https://www.crystalpalaceflowers.co.uk/,https://maps.google.com/?cid=10771458269770783584&g_mp=Cidnb29nbGUubWFwcy5wbGFjZXMudjEuUGxhY2VzLlNlYXJjaFRleHQQAhgEIAA,ChIJb2wkuukBdkgRYJuhCjroe5U
Crystal Palace,curated_object,fashion,D Solos,"23 Church Rd, London",SE19 2TE,Clothing store,email,dsoloclothing@hotmail.com,dsoloclothing@hotmail.com,,https://www.instagram.com/dsolos,,,+44 20 8653 7585,landline,http://www.dsoloclothing.co.uk/,https://maps.google.com/?cid=8144045648215550944&g_mp=Cidnb29nbGUubWFwcy5wbGFjZXMudjEuUGxhY2VzLlNlYXJjaFRleHQQAhgEIAA,ChIJ4anSDkUBdkgR4Ct0OF52BXE
Crystal Palace,curated_object,fashion,Elkins,"85 Church Rd, London",SE19 2TA,Gift shop,instagram_dm,https://www.instagram.com/elkinsshop/,,,https://www.instagram.com/elkinsshop/,,,+44 20 8771 4998,landline,,https://maps.google.com/?cid=9498355329319873767&g_mp=Cidnb29nbGUubWFwcy5wbGFjZXMudjEuUGxhY2VzLlNlYXJjaFRleHQQAhgEIAA,ChIJVQeVnkUBdkgR56yM-tjv0IM
Crystal Palace,curated_object,fashion,Mary’s Vintage,"Haynes Ln, London",SE19 3AN,Women's clothing store,instagram_dm,https://www.instagram.com/marysvintage_mv,,,https://www.instagram.com/marysvintage_mv,,,,none,http://marysvintage.co.uk/,https://maps.google.com/?cid=9542693091870548454&g_mp=Cidnb29nbGUubWFwcy5wbGFjZXMudjEuUGxhY2VzLlNlYXJjaFRleHQQAhgEIAA,ChIJi-Uyo08BdkgR5qGExc50boQ
Crystal Palace,curated_object,fashion,Pearl rose Jewellers,"76 Church Rd, London",SE19 2EZ,Jewelry store,email,pearlrosejewellers@gmail.com,pearlrosejewellers@gmail.com,,,,https://wa.me/447904563807,+44 7904 563807,mobile,http://pearlrosejewellers.co.uk/,https://maps.google.com/?cid=18191784159110831856&g_mp=Cidnb29nbGUubWFwcy5wbGFjZXMudjEuUGxhY2VzLlNlYXJjaFRleHQQAhgEIAA,ChIJ7UYvnEUBdkgR8B5h-k4zdvw
Crystal Palace,curated_object,books,Sound Vinyl,"42 Church Rd, London",SE19 2EZ,Store,instagram_dm,https://www.instagram.com/sound.vinyl,,,https://www.instagram.com/sound.vinyl,,https://wa.me/447984272851,+44 7984 272851,mobile,https://www.instagram.com/sound.vinyl/,https://maps.google.com/?cid=339813923649539541&g_mp=Cidnb29nbGUubWFwcy5wbGFjZXMudjEuUGxhY2VzLlNlYXJjaFRleHQQAhgEIAA,ChIJvb1jly4BdkgR1c3ckPZCtwQ
Crystal Palace,curated_object,fashion,The Indigo Tree,"4, Hollybush Terrace, Westow St, London",SE19 3SD,Gift shop,facebook_dm,https://www.facebook.com/TheIndigoTreeLDN,,,,https://www.facebook.com/TheIndigoTreeLDN,https://wa.me/447470917283,+44 7470 917283,mobile,http://www.theindigotree.com/,https://maps.google.com/?cid=12104878917852143045&g_mp=Cidnb29nbGUubWFwcy5wbGFjZXMudjEuUGxhY2VzLlNlYXJjaFRleHQQAhgEIAA,ChIJSQy-7U8BdkgRxR2xyz0r_ac
Crystal Palace,curated_object,wine,The Sourcing Table,"67 Westow Hill, London",SE19 1TS,Wine bar,email,hello@thesourcingtable.com,hello@thesourcingtable.com,,http://instagram.com/thesourcingtable,,,+44 20 3551 1005,landline,https://thesourcingtable.com/,https://maps.google.com/?cid=9316495324408725892&g_mp=Cidnb29nbGUubWFwcy5wbGFjZXMudjEuUGxhY2VzLlNlYXJjaFRleHQQAhgEIAA,ChIJK6gFMEUBdkgRhEH4-iLXSoE
Crystal Palace,curated_object,fashion,Tine Bladbjerg,"A L'Etage, 4 Westow Hill, London",SE19 1RX,Jewelry store,email,tinedesign@gmail.com,tinedesign@gmail.com,,,,,+44 20 8761 1868,landline,http://tinebladbjerg.com/,https://maps.google.com/?cid=14578327282316128744&g_mp=Cidnb29nbGUubWFwcy5wbGFjZXMudjEuUGxhY2VzLlNlYXJjaFRleHQQAhgEIAA,ChIJq6q7708BdkgR6LHWiWyfUMo
Crystal Palace,curated_object,wine,Urban Cellar,"48 Church Rd, London",SE19 2ET,Liquor store,email,info@urbancellar.co.uk,info@urbancellar.co.uk,,https://www.instagram.com/urban_cellar_crystal_palace_,https://www.facebook.com/Urban-Cellar-2130096930536816,,+44 20 3417 8900,landline,https://urbancellar.co.uk/,https://maps.google.com/?cid=15515562004280481045&g_mp=Cidnb29nbGUubWFwcy5wbGFjZXMudjEuUGxhY2VzLlNlYXJjaFRleHQQAhgEIAA,ChIJlTtoqUARdkgRFZWvG3BZUtc
Crystal Palace,empty_chair,empty_chair,Blue Tit Crystal Palace,"1 Westow Hill, London",SE19 1TQ,Hair salon,email,steve@bluetitlondon.com,steve@bluetitlondon.com,,https://www.instagram.com/bluetitlondon,https://www.facebook.com/bluetitlondon,,+44 20 3474 5288,landline,https://bluetitlondon.com/salons/crystal-palace/,https://maps.google.com/?cid=5847837349042731373&g_mp=Cidnb29nbGUubWFwcy5wbGFjZXMudjEuUGxhY2VzLlNlYXJjaFRleHQQAhgEIAA,ChIJ23_PNn8BdkgRbTn09RWxJ1E
Crystal Palace,empty_chair,empty_chair,Celine Nails,"Abode London Ltd, 82 Westow Hill, London",SE19 1SB,Nail salon,email,thuyanh732018@gmail.com,thuyanh732018@gmail.com,,,,,+44 20 7998 8450,landline,https://www.celinenailscrystalpalace.co.uk/,https://maps.google.com/?cid=3313207893633763751&g_mp=Cidnb29nbGUubWFwcy5wbGFjZXMudjEuUGxhY2VzLlNlYXJjaFRleHQQAhgEIAA,ChIJ8WworPoBdkgRp4kPbwbh-i0
Crystal Palace,empty_chair,empty_chair,Coral makeovers,"Abode London Ltd, 80 Westow Hill, London",SE19 1SB,Beauty salon,whatsapp,https://wa.me/447466466177,,,,,https://wa.me/447466466177,+44 7466 466177,mobile,,https://maps.google.com/?cid=16716508245411351060&g_mp=Cidnb29nbGUubWFwcy5wbGFjZXMudjEuUGxhY2VzLlNlYXJjaFRleHQQAhgEIAA,ChIJzcY8P-MBdkgRFMqhbK73_Oc
Crystal Palace,empty_chair,empty_chair,Crystal Nails,"40 Westow Hill, London",SE19 1RX,Nail salon,instagram_dm,https://www.instagram.com/crystal_palace_nails,,,https://www.instagram.com/crystal_palace_nails,,https://wa.me/447448831978,+44 7448 831978,mobile,https://www.instagram.com/crystal_palace_nails/?hl=en-gb,https://maps.google.com/?cid=161435008708798876&g_mp=Cidnb29nbGUubWFwcy5wbGFjZXMudjEuUGxhY2VzLlNlYXJjaFRleHQQAhgEIAA,ChIJIUJDGVABdkgRnGlm_EiIPQI
Crystal Palace,empty_chair,empty_chair,Damascus barbers,"12 Church Rd, London",SE19 2ET,Barber shop,facebook_dm,https://www.facebook.com/sumup,,shannon.vvrdrd@gmail.com,,https://www.facebook.com/sumup,https://wa.me/447378572243,+44 7378 572243,mobile,http://sumupbookings.com/damascus-barbers-limited,https://maps.google.com/?cid=13707689001913664617&g_mp=Cidnb29nbGUubWFwcy5wbGFjZXMudjEuUGxhY2VzLlNlYXJjaFRleHQQAhgEIAA,ChIJ13Z4tYYBdkgRacSXUoV-O74
Crystal Palace,empty_chair,empty_chair,Elysia Wellness,"Foresters hall, 25-27 Westow St, London",SE19 3RY,Massage service,email,admin@elysiawellness4me.com,admin@elysiawellness4me.com,,,,,+44 20 3916 6787,landline,https://elysiawellness4me.com/,https://maps.google.com/?cid=14815624744171561156&g_mp=Cidnb29nbGUubWFwcy5wbGFjZXMudjEuUGxhY2VzLlNlYXJjaFRleHQQAhgEIAA,ChIJXS9A1IYBdkgRxGDVUTWsm80
Crystal Palace,empty_chair,empty_chair,GM's Hair Salon,"74 Westow Hill, London",SE19 1SB,Hair salon,email,emergencyhairessentials@gmshair.co.uk,emergencyhairessentials@gmshair.co.uk,,https://www.instagram.com/gmshair,https://www.facebook.com/gmshair,,+44 20 8693 6777,landline,http://www.gmshair.com/,https://maps.google.com/?cid=16477069398484506331&g_mp=Cidnb29nbGUubWFwcy5wbGFjZXMudjEuUGxhY2VzLlNlYXJjaFRleHQQAhgEIAA,ChIJpzQGJUUBdkgR29YglFFPquQ
Crystal Palace,empty_chair,empty_chair,Hayley Nails spa,"81 Church Rd, London",SE19 2TA,Nail salon,whatsapp,https://wa.me/447446853555,,,,,https://wa.me/447446853555,+44 7446 853555,mobile,http://hayleynails.co.uk/,https://maps.google.com/?cid=10393881577369712573&g_mp=Cidnb29nbGUubWFwcy5wbGFjZXMudjEuUGxhY2VzLlNlYXJjaFRleHQQAhgEIAA,ChIJH51un0UBdkgRvTeZuDl8PpA
Crystal Palace,empty_chair,empty_chair,Headmasters Crystal Palace,"59 Westow Hill, London",SE19 1TS,Hair salon,facebook_dm,https://www.facebook.com/HeadmastersUK,,marketing@headmasters.com,,https://www.facebook.com/HeadmastersUK,,+44 345 459 7760,landline,https://www.headmasters.com/find-a-salon/crystal-palace/,https://maps.google.com/?cid=5047226221654316423&g_mp=Cidnb29nbGUubWFwcy5wbGFjZXMudjEuUGxhY2VzLlNlYXJjaFRleHQQAhgEIAA,ChIJA0emKUUBdkgRhxW-2oFZC0Y
Crystal Palace,empty_chair,empty_chair,M&B Barbers,"63 Westow St, London",SE19 3RW,Barber shop,walk_in,https://maps.google.com/?cid=17752915570120791804&g_mp=Cidnb29nbGUubWFwcy5wbGFjZXMudjEuUGxhY2VzLlNlYXJjaFRleHQQAhgEIAA,,,,,,+44 20 8653 1599,landline,,https://maps.google.com/?cid=17752915570120791804&g_mp=Cidnb29nbGUubWFwcy5wbGFjZXMudjEuUGxhY2VzLlNlYXJjaFRleHQQAhgEIAA,ChIJtyJ1gEUBdkgR_BaN7KYGX_Y
Crystal Palace,empty_chair,empty_chair,MAKAS BARBERS SHOP,"Triangle House, 86a Westow Hill, London",SE19 1SB,Barber shop,instagram_dm,https://www.instagram.com/makas.barbers/,,,https://www.instagram.com/makas.barbers/,,,,none,,https://maps.google.com/?cid=18242056841367652447&g_mp=Cidnb29nbGUubWFwcy5wbGFjZXMudjEuUGxhY2VzLlNlYXJjaFRleHQQAhgEIAA,ChIJJxBtOx8BdkgRXwg08gvOKP0
Crystal Palace,empty_chair,empty_chair,OFF - CUT Crystal Palace,"13 Church Rd, London",SE19 2TF,Barber shop,email,contact@off-cutbarbers.com,contact@off-cutbarbers.com,,https://www.instagram.com/p,https://www.facebook.com/offcutbarbers,,+44 20 8916 1471,landline,https://off-cutbarbers.com/crystal-palace,https://maps.google.com/?cid=552983377206070032&g_mp=Cidnb29nbGUubWFwcy5wbGFjZXMudjEuUGxhY2VzLlNlYXJjaFRleHQQAhgEIAA,ChIJ81ZfcfABdkgREEsQpXOXrAc
Crystal Palace,empty_chair,empty_chair,Palace Barber Shop,"62 Westow Hill, London",SE19 1RX,Barber shop,walk_in,https://maps.google.com/?cid=4389550838657718362&g_mp=Cidnb29nbGUubWFwcy5wbGFjZXMudjEuUGxhY2VzLlNlYXJjaFRleHQQAhgEIAA,,,,,,+44 20 8761 5835,landline,,https://maps.google.com/?cid=4389550838657718362&g_mp=Cidnb29nbGUubWFwcy5wbGFjZXMudjEuUGxhY2VzLlNlYXJjaFRleHQQAhgEIAA,ChIJb1oaOUUBdkgRWhi2HTvR6jw
Crystal Palace,empty_chair,empty_chair,Plaster Beauty,"46 Church Rd, London",SE19 2ET,Beauty salon,email,plasterxaslmm@gmail.com,plasterxaslmm@gmail.com,,https://www.instagram.com/plasterbeauty,https://www.facebook.com/plasterbeauty,https://wa.me/447903380855,+44 7903 380855,mobile,http://www.plasterbeauty.com/,https://maps.google.com/?cid=8136534647213736664&g_mp=Cidnb29nbGUubWFwcy5wbGFjZXMudjEuUGxhY2VzLlNlYXJjaFRleHQQAhgEIAA,ChIJB1RhEEUBdkgR2ELVBSfH6nA
Crystal Palace,empty_chair,empty_chair,Revitalize Clinic,"Trade Court, 71 Church Rd, London",SE19 2TA,Beauty salon,email,revitalize.mel@hotmail.co.uk,revitalize.mel@hotmail.co.uk,,https://www.instagram.com/revitalize_beauty,https://www.facebook.com/beautyrevitalize,https://wa.me/447549952434,+44 7549 952434,mobile,http://revitalize.london/,https://maps.google.com/?cid=16347850244007955402&g_mp=Cidnb29nbGUubWFwcy5wbGFjZXMudjEuUGxhY2VzLlNlYXJjaFRleHQQAhgEIAA,ChIJGeAqIkUBdkgRyotgqy473-I
Crystal Palace,empty_chair,empty_chair,Rush Hair Crystal Palace,"22 Westow Hill, London",SE19 1RX,Hair salon,instagram_dm,http://www.instagram.com/OfficialRushHairBeauty,,chris.beaumont13@me.com,http://www.instagram.com/OfficialRushHairBeauty,http://www.facebook.com/rushhairandbeauty,,+44 20 3474 5006,landline,https://www.rush.co.uk/salons/crystal-palace,https://maps.google.com/?cid=12123225500302695992&g_mp=Cidnb29nbGUubWFwcy5wbGFjZXMudjEuUGxhY2VzLlNlYXJjaFRleHQQAhgEIAA,ChIJi2we-E8BdkgRON5_ZVxZPqg
Crystal Palace,empty_chair,empty_chair,Sharp crystal,"Greystoke House, 21 Westow St, London",SE19 3RY,Barber shop,instagram_dm,https://www.instagram.com/sharp_crystal24,,,https://www.instagram.com/sharp_crystal24,,,+44 20 4619 9933,landline,https://sharpcrystal.co.uk/,https://maps.google.com/?cid=3284763106366563792&g_mp=Cidnb29nbGUubWFwcy5wbGFjZXMudjEuUGxhY2VzLlNlYXJjaFRleHQQAhgEIAA,ChIJ9aQPXAABdkgR0KVJTqTSlS0
Crystal Palace,empty_chair,empty_chair,Skintouch,"77 Church Rd, London",SE19 2TA,Skin care clinic,instagram_dm,https://www.instagram.com/skintouch.london,,,https://www.instagram.com/skintouch.london,https://www.facebook.com/skintouch.london,,+44 20 8771 5062,landline,http://www.skintouch.london/,https://maps.google.com/?cid=11778301921115696883&g_mp=Cidnb29nbGUubWFwcy5wbGFjZXMudjEuUGxhY2VzLlNlYXJjaFRleHQQAhgEIAA,ChIJH51un0UBdkgR8-5mcTHvdKM
Crystal Palace,empty_chair,empty_chair,V brows & beauty lounge,"18 Church Rd, London",SE19 2ET,Beauty salon,email,vbrowsbeauty@gmail.com,vbrowsbeauty@gmail.com,,,,,+44 20 8616 2460,landline,https://www.vbrowsandbeauty.com/,https://maps.google.com/?cid=11175925646525038778&g_mp=Cidnb29nbGUubWFwcy5wbGFjZXMudjEuUGxhY2VzLlNlYXJjaFRleHQQAhgEIAA,ChIJf7vTEwMBdkgRuoBNtSndGJs
Crystal Palace,empty_chair,empty_chair,Way Ahead London,"41-43 Westow St, London",SE19 3RW,Hair salon,facebook_dm,https://www.facebook.com/p/Way-Ahead-100063746884232/,,,,https://www.facebook.com/p/Way-Ahead-100063746884232/,,+44 20 8653 7342,landline,,https://maps.google.com/?cid=7804162888534151248&g_mp=Cidnb29nbGUubWFwcy5wbGFjZXMudjEuUGxhY2VzLlNlYXJjaFRleHQQAhgEIAA,ChIJzxnMhk8BdkgRUFBdhMz0TWw
Crystal Palace,empty_chair,empty_chair,Wellness & Laser Centre - Crystal Palace,"64 Church Rd, London",SE19 2EZ,Spa,email,info@bellevousspa.com,info@bellevousspa.com,,,,,+44 20 3633 8522,landline,http://www.wellnesslasercentre.com/,https://maps.google.com/?cid=1613516283872802516&g_mp=Cidnb29nbGUubWFwcy5wbGFjZXMudjEuUGxhY2VzLlNlYXJjaFRleHQQAhgEIAA,ChIJyVKQnUUBdkgR1PaL64JcZBY
Crystal Palace,empty_chair,empty_chair,Your Style Hair & Tanning Boutique,"75 Westow Hill, London",SE19 1TX,Hair salon,email,yourstyle7@yahoo.co.uk,yourstyle7@yahoo.co.uk,,,,,+44 20 8670 0055,landline,https://www.yourstylehairandtanning.co.uk/,https://maps.google.com/?cid=1506799266520337253&g_mp=Cidnb29nbGUubWFwcy5wbGFjZXMudjEuUGxhY2VzLlNlYXJjaFRleHQQAhgEIAA,ChIJqVYyL0UBdkgRZYvDFPM56RQ
Crystal Palace,end_of_day_food,end_of_day_food,56 WESTOW,"56 Westow Hill, London",SE19 1RX,Restaurant,email,hello@56westow.com,hello@56westow.com,,https://www.instagram.com/56westow,,https://wa.me/447354847991,+44 7354 847991,mobile,https://www.56westow.com/,https://maps.google.com/?cid=11275903380918304229&g_mp=Cidnb29nbGUubWFwcy5wbGFjZXMudjEuUGxhY2VzLlNlYXJjaFRleHQQAhgEIAA,ChIJS0NFSmUBdkgR5f1C9WEOfJw
Crystal Palace,end_of_day_food,end_of_day_food,Blackbird Bakery Crystal Palace,"59 Westow St, London",SE19 3RW,Bakery,email,blackbirdbakerylondon@gmail.com,blackbirdbakerylondon@gmail.com,,https://www.instagram.com/blackbirdbakerylondon,https://www.facebook.com/BlackbirdBakeryLondon,,+44 20 8768 0357,landline,http://www.blackbirdbakerylondon.co.uk/,https://maps.google.com/?cid=9764125273331755156&g_mp=Cidnb29nbGUubWFwcy5wbGFjZXMudjEuUGxhY2VzLlNlYXJjaFRleHQQAhgEIAA,ChIJ5ekShkUBdkgRlGhaGzQkgYc
Crystal Palace,end_of_day_food,end_of_day_food,Bloom café crystalpalace,"70 Westow Hill, London",SE19 1SB,Brunch restaurant,email,bloom-cafe@hotmail.com,bloom-cafe@hotmail.com,,https://www.instagram.com/bloomcafe.crystalpalace,https://www.facebook.com/Bloomcafe.crystalpalace,,+44 20 8670 1786,landline,https://bloomcafecrystalpalace.co.uk/,https://maps.google.com/?cid=13187400662401010107&g_mp=Cidnb29nbGUubWFwcy5wbGFjZXMudjEuUGxhY2VzLlNlYXJjaFRleHQQAhgEIAA,ChIJHQKETQEBdkgRu8kpWQgPA7c
Crystal Palace,end_of_day_food,end_of_day_food,Brown & Green London,"99 Church Rd, London",SE19 2PR,Cafe,email,brownandgreen@outlook.com,brownandgreen@outlook.com,,,https://www.facebook.com/943311439019047,,+44 20 8653 3799,landline,http://brownandgreencafe.com/,https://maps.google.com/?cid=14641121963609468421&g_mp=Cidnb29nbGUubWFwcy5wbGFjZXMudjEuUGxhY2VzLlNlYXJjaFRleHQQAhgEIAA,ChIJYxkzkEUBdkgRBa4cmtq2L8s
Crystal Palace,end_of_day_food,end_of_day_food,Chabela,"61 Westow St, London",SE19 3RW,Mexican restaurant,email,info@chabela.co.uk,info@chabela.co.uk,,,,,+44 20 8771 4078,landline,http://www.chabela.co.uk/,https://maps.google.com/?cid=12452284655172660585&g_mp=Cidnb29nbGUubWFwcy5wbGFjZXMudjEuUGxhY2VzLlNlYXJjaFRleHQQAhgEIAA,ChIJNdHjf08BdkgRaS2dOetmz6w
Crystal Palace,end_of_day_food,end_of_day_food,Champagne + Fromage Crystal Palace,"1 Westow St, London",SE19 3RY,Restaurant,email,stefano.frigerio@champagneplusfromage.co.uk,stefano.frigerio@champagneplusfromage.co.uk,,https://www.instagram.com/champfromage,https://www.facebook.com/ChampagneFromageCovent,,+44 20 8075 9405,landline,https://champagneplusfromage.co.uk/crystal-palace/,https://maps.google.com/?cid=12392844807827530114&g_mp=Cidnb29nbGUubWFwcy5wbGFjZXMudjEuUGxhY2VzLlNlYXJjaFRleHQQAhgEIAA,ChIJR3dDp2QBdkgRgqEaT7E6_Ks
Crystal Palace,end_of_day_food,end_of_day_food,Etude Coffee - London,"87 Church Rd, London",SE19 2TA,Cafe,email,hello@etude.coffee,hello@etude.coffee,,,https://www.facebook.com/etude.coffee,,+44 1603 804545,landline,http://etude.coffee/,https://maps.google.com/?cid=2354108421483357064&g_mp=Cidnb29nbGUubWFwcy5wbGFjZXMudjEuUGxhY2VzLlNlYXJjaFRleHQQAhgEIAA,ChIJkcP6FN4BdkgRiGNFASN5qyA
Crystal Palace,end_of_day_food,end_of_day_food,Four Boroughs,"10 Church Rd, London",SE19 2ET,Coffee shop,email,hello@fourboroughs.co.uk,hello@fourboroughs.co.uk,,https://www.instagram.com/four_boroughs,https://www.facebook.com/fourboroughs/about,,,none,http://www.fourboroughs.co.uk/,https://maps.google.com/?cid=17753911214375593378&g_mp=Cidnb29nbGUubWFwcy5wbGFjZXMudjEuUGxhY2VzLlNlYXJjaFRleHQQAhgEIAA,ChIJg7tVJ0UBdkgRomWuai-QYvY
Crystal Palace,end_of_day_food,end_of_day_food,Four Hundred Rabbits: Pizza Restaurant Crystal Palace,"30-32 Westow St, London",SE19 3AH,Pizza restaurant,email,info@400rabbits.co.uk,info@400rabbits.co.uk,,,https://www.facebook.com/117286199462,,+44 20 8771 6249,landline,https://www.400rabbits.co.uk/crystalpalace,https://maps.google.com/?cid=13364026412343956092&g_mp=Cidnb29nbGUubWFwcy5wbGFjZXMudjEuUGxhY2VzLlNlYXJjaFRleHQQAhgEIAA,ChIJnQnY7E8BdkgRfBKzZDePdrk
Crystal Palace,end_of_day_food,end_of_day_food,GAIL's Bakery Crystal Palace,"58-60 Westow Hill, London",SE19 1RX,Bakery,walk_in,https://maps.google.com/?cid=17037833323496872910&g_mp=Cidnb29nbGUubWFwcy5wbGFjZXMudjEuUGxhY2VzLlNlYXJjaFRleHQQAhgEIAA,,marketing@gailsbread.co.uk,,,,+44 20 4546 8196,landline,https://gails.com/pages/crystal-palace,https://maps.google.com/?cid=17037833323496872910&g_mp=Cidnb29nbGUubWFwcy5wbGFjZXMudjEuUGxhY2VzLlNlYXJjaFRleHQQAhgEIAA,ChIJL2JCMRMBdkgRzhtYLSOLcuw
Crystal Palace,end_of_day_food,end_of_day_food,HopScotch Taprooms,"54 Westow Hill, London",SE19 1RX,Cafe,email,matt@hopscotchtap.com,matt@hopscotchtap.com,,,,https://wa.me/447394072189,+44 7394 072189,mobile,https://www.hopscotchtap.com/,https://maps.google.com/?cid=8821563129517430428&g_mp=Cidnb29nbGUubWFwcy5wbGFjZXMudjEuUGxhY2VzLlNlYXJjaFRleHQQAhgEIAA,ChIJDbAmZwABdkgRnNaReu18bHo
Crystal Palace,end_of_day_food,end_of_day_food,"Ivy and the Wolf – Plants, Coffee & Nice Things","Ivy and the Wolf, 61 Westow Hill, London",SE19 1TS,Cafe,email,info@ivyandthewolf.com,info@ivyandthewolf.com,,http://instagram.com/plantsfromivyandthewolf,https://facebook.com/plantsfromivyandthewolf,,,none,http://www.ivyandthewolf.com/,https://maps.google.com/?cid=11087866357499653122&g_mp=Cidnb29nbGUubWFwcy5wbGFjZXMudjEuUGxhY2VzLlNlYXJjaFRleHQQAhgEIAA,ChIJi_hA_Uun2EcRAmzFw7QD4Jk
Crystal Palace,end_of_day_food,end_of_day_food,Kamari The Authentic Greek,"Foresters hall, 25 Westow St, London",SE19 3RY,Coffee shop,email,info@elia.london,info@elia.london,,https://www.instagram.com/eliatheauthenticgreek,https://www.facebook.com/EliaTheAuthenticGreek,https://wa.me/447949195459,+44 7949 195459,mobile,http://www.kamari.london/,https://maps.google.com/?cid=1814014709721472789&g_mp=Cidnb29nbGUubWFwcy5wbGFjZXMudjEuUGxhY2VzLlNlYXJjaFRleHQQAhgEIAA,ChIJk1mtJWEBdkgRFR9IdsSsLBk
Crystal Palace,end_of_day_food,end_of_day_food,La Bruschetta,"52 Westow St, London",SE19 3AF,Cafe,instagram_dm,https://www.instagram.com/labruschettacp/,,,https://www.instagram.com/labruschettacp/,,,+44 20 8771 7478,landline,,https://maps.google.com/?cid=7230127788200154620&g_mp=Cidnb29nbGUubWFwcy5wbGFjZXMudjEuUGxhY2VzLlNlYXJjaFRleHQQAhgEIAA,ChIJ780MhU8BdkgR_NVZoOqSVmQ
Crystal Palace,end_of_day_food,end_of_day_food,Little Palace London,"49 Westow Hill, London",SE19 1TS,Cafe,walk_in,https://maps.google.com/?cid=17119830169209802803&g_mp=Cidnb29nbGUubWFwcy5wbGFjZXMudjEuUGxhY2VzLlNlYXJjaFRleHQQAhgEIAA,,,,,,+44 20 8670 0123,landline,,https://maps.google.com/?cid=17119830169209802803&g_mp=Cidnb29nbGUubWFwcy5wbGFjZXMudjEuUGxhY2VzLlNlYXJjaFRleHQQAhgEIAA,ChIJebxmT0UBdkgRMxDEitXale0
Crystal Palace,end_of_day_food,end_of_day_food,Lorenzo of Crystal Palace,"Burapa Thai Restaurant, 73 Westow Hill, London",SE19 1TX,Italian restaurant,email,lorenzocp@hotmail.co.uk,lorenzocp@hotmail.co.uk,,,https://www.facebook.com/LorenzoCrystalPalace,,+44 20 8761 7485,landline,http://www.lorenzo.uk.com/,https://maps.google.com/?cid=1035023403843475276&g_mp=Cidnb29nbGUubWFwcy5wbGFjZXMudjEuUGxhY2VzLlNlYXJjaFRleHQQAhgEIAA,ChIJK_q5KEUBdkgRTFdOUE0kXQ4
Crystal Palace,end_of_day_food,end_of_day_food,Palazzo,"3-6 Church Rd, London",SE19 2TF,Italian restaurant,email,info@barpalazzo.com,info@barpalazzo.com,,https://www.instagram.com/bar.palazzo,,,+44 20 3903 7164,landline,https://www.barpalazzo.com/,https://maps.google.com/?cid=9068877245311428317&g_mp=Cidnb29nbGUubWFwcy5wbGFjZXMudjEuUGxhY2VzLlNlYXJjaFRleHQQAhgEIAA,ChIJL7duNzUBdkgR3SZpPs4f230
Crystal Palace,end_of_day_food,end_of_day_food,Phoenician,"48 Westow Hill, London",SE19 1RX,Restaurant,walk_in,https://maps.google.com/?cid=15843040273290523861&g_mp=Cidnb29nbGUubWFwcy5wbGFjZXMudjEuUGxhY2VzLlNlYXJjaFRleHQQAhgEIAA,,,,,,,none,http://phoeniciantaste.co.uk/,https://maps.google.com/?cid=15843040273290523861&g_mp=Cidnb29nbGUubWFwcy5wbGFjZXMudjEuUGxhY2VzLlNlYXJjaFRleHQQAhgEIAA,ChIJc8OvHAABdkgR1XSwQzDJ3ds
Crystal Palace,end_of_day_food,end_of_day_food,Roasted Bean,"23 Westow St, London",SE19 3RY,Cafe,whatsapp,https://wa.me/447444191632,,,,,https://wa.me/447444191632,+44 7444 191632,mobile,,https://maps.google.com/?cid=12960365221555173786&g_mp=Cidnb29nbGUubWFwcy5wbGFjZXMudjEuUGxhY2VzLlNlYXJjaFRleHQQAhgEIAA,ChIJFXnYjU8BdkgRmnkfhoB33LM
Crystal Palace,end_of_day_food,end_of_day_food,Softplay by Coffee Cup House,"Libero Court, 18 Westow St, London",SE19 3RX,Coffee shop,instagram_dm,https://www.instagram.com/softplay.cch/,,,https://www.instagram.com/softplay.cch/,,,+44 20 3435 8112,landline,https://softplaybycch.as.me/,https://maps.google.com/?cid=3808069560130910963&g_mp=Cidnb29nbGUubWFwcy5wbGFjZXMudjEuUGxhY2VzLlNlYXJjaFRleHQQAhgEIAA,ChIJK0F1B3ABdkgR87qUwxb72DQ
Crystal Palace,end_of_day_food,end_of_day_food,Spinach Crystal Palace,"Burapa Thai Restaurant, 69 - 71 Westow Hill, London",SE19 1TX,Restaurant,instagram_dm,http://instagram.com/squarespace,,,http://instagram.com/squarespace,https://www.facebook.com/1155554191178402,,+44 20 3089 9571,landline,http://spinach.london/spinachcrystalpalace,https://maps.google.com/?cid=10914266952792849100&g_mp=Cidnb29nbGUubWFwcy5wbGFjZXMudjEuUGxhY2VzLlNlYXJjaFRleHQQAhgEIAA,ChIJW15PNNsBdkgRzLoAofdDd5c
Crystal Palace,end_of_day_food,end_of_day_food,Taro Crystal Palace,"107 Church Rd, London",SE19 2PR,Restaurant,facebook_dm,http://www.facebook.com/evatheme,,,,http://www.facebook.com/evatheme,,+44 20 3859 2875,landline,https://tarorestaurants.uk/,https://maps.google.com/?cid=4929850400103611886&g_mp=Cidnb29nbGUubWFwcy5wbGFjZXMudjEuUGxhY2VzLlNlYXJjaFRleHQQAhgEIAA,ChIJG2pYURQBdkgR7j3-xdFYakQ
Crystal Palace,end_of_day_food,end_of_day_food,The Crystal Pantry,"Triangle House, 6 Church Rd, London",SE19 2ET,Cafe,walk_in,https://maps.google.com/?cid=497097910587562630&g_mp=Cidnb29nbGUubWFwcy5wbGFjZXMudjEuUGxhY2VzLlNlYXJjaFRleHQQAhgEIAA,,,,,,+44 20 8653 2791,landline,,https://maps.google.com/?cid=497097910587562630&g_mp=Cidnb29nbGUubWFwcy5wbGFjZXMudjEuUGxhY2VzLlNlYXJjaFRleHQQAhgEIAA,ChIJ67MrIkUBdkgRhhope-oL5gY
Crystal Palace,end_of_day_food,end_of_day_food,The Fino,"23 Westow Hill, London",SE19 1TQ,Coffee shop,email,thefino.crystalpalace@gmail.com,thefino.crystalpalace@gmail.com,,,,,+44 20 3648 4546,landline,http://www.thefino.co.uk/,https://maps.google.com/?cid=15876973141077173687&g_mp=Cidnb29nbGUubWFwcy5wbGFjZXMudjEuUGxhY2VzLlNlYXJjaFRleHQQAhgEIAA,ChIJjRUiUgABdkgRt6VStvNWVtw
Crystal Palace,end_of_day_food,end_of_day_food,Yaash Peri Peri,"78 Westow Hill, London",SE19 1SB,Takeout restaurant,walk_in,https://maps.google.com/?cid=2854197920205010485&g_mp=Cidnb29nbGUubWFwcy5wbGFjZXMudjEuUGxhY2VzLlNlYXJjaFRleHQQAhgEIAA,,,,,,+44 20 3686 3430,landline,,https://maps.google.com/?cid=2854197920205010485&g_mp=Cidnb29nbGUubWFwcy5wbGFjZXMudjEuUGxhY2VzLlNlYXJjaFRleHQQAhgEIAA,ChIJfSSHpU0BdkgRNXZ64OIlnCc
Crystal Palace,end_of_day_food,end_of_day_food,Zola's,"Zola's, 28-30 Church Rd, London",SE19 2ET,Coffee shop,instagram_dm,https://www.instagram.com/zolasdayandnight/,,,https://www.instagram.com/zolasdayandnight/,,,,none,,https://maps.google.com/?cid=6602516011563404680&g_mp=Cidnb29nbGUubWFwcy5wbGFjZXMudjEuUGxhY2VzLlNlYXJjaFRleHQQAhgEIAA,ChIJiZP-7ZcBdkgRiM0QtVTZoFs
Crystal Palace,end_of_day_food,end_of_day_food,rymcafe,"49 Westow Hill, London",SE19 1TS,Food store,instagram_dm,https://www.instagram.com/rym_cafe_crystal_palace_/,,,https://www.instagram.com/rym_cafe_crystal_palace_/,,,+44 20 8670 0123,landline,,https://maps.google.com/?cid=4201229692229790068&g_mp=Cidnb29nbGUubWFwcy5wbGFjZXMudjEuUGxhY2VzLlNlYXJjaFRleHQQAhgEIAA,ChIJa0Lni78BdkgRdCkuYSXETTo
Herne Hill,curated_object,flowers,Brothers Green The Florist,"4-6 Half Moon Ln, London",SE24 9HU,Florist,email,info@concretejunglelondon.com,info@concretejunglelondon.com,,https://www.instagram.com/brothersgreen_uk,,https://wa.me/447865172138,+44 7865 172138,mobile,http://www.brothersgreenuk.com/,https://maps.google.com/?cid=4170531876565231265&g_mp=Cidnb29nbGUubWFwcy5wbGFjZXMudjEuUGxhY2VzLlNlYXJjaFRleHQQAhgEIAA,ChIJazsTkEoFdkgRoSYdM6W04Dk
Herne Hill,curated_object,fashion,Brothers Green Vintage,"4 Half Moon Ln, London",SE24 9HU,Clothing store,email,info@concretejunglelondon.com,info@concretejunglelondon.com,,https://www.instagram.com/brothersgreen_uk,,,,none,https://brothersgreenuk.com/,https://maps.google.com/?cid=2425708265197579384&g_mp=Cidnb29nbGUubWFwcy5wbGFjZXMudjEuUGxhY2VzLlNlYXJjaFRleHQQAhgEIAA,ChIJMbFoacQFdkgReKzUs9DYqSE
Herne Hill,curated_object,books,Herne Hill Books,"289 Railton Rd, London",SE24 0LY,Book store,email,shop@claphambooks.com,shop@claphambooks.com,,,,,+44 20 7998 1673,landline,https://www.claphambooks.com/herne-hill,https://maps.google.com/?cid=10522510861181597228&g_mp=Cidnb29nbGUubWFwcy5wbGFjZXMudjEuUGxhY2VzLlNlYXJjaFRleHQQAhgEIAA,ChIJCSCpJnMEdkgRLDbrqeB3B5I
Herne Hill,curated_object,fashion,Lark Herne Hill,"317 Railton Rd, London",SE24 0JN,Gift shop,email,hello@larklondon.com,hello@larklondon.com,,,,,+44 20 7737 6599,landline,https://www.larklondon.com/,https://maps.google.com/?cid=14010391802494199498&g_mp=Cidnb29nbGUubWFwcy5wbGFjZXMudjEuUGxhY2VzLlNlYXJjaFRleHQQAhgEIAA,ChIJhVH6cd4FdkgRyia2Nx3pbsI
Herne Hill,curated_object,books,The Paper Cat Children's Bookshop,"25 Half Moon Ln, London",SE24 9JU,Book store,email,info@papercatbookshop.co.uk,info@papercatbookshop.co.uk,,https://www.instagram.com/papercatbooks,,,+44 20 4568 1309,landline,https://www.papercatbookshop.co.uk/,https://maps.google.com/?cid=9398735453327558086&g_mp=Cidnb29nbGUubWFwcy5wbGFjZXMudjEuUGxhY2VzLlNlYXJjaFRleHQQAhgEIAA,ChIJudsopR4FdkgRxoV1IRkEb4I
Herne Hill,curated_object,wine,Wild + Lees,"2 Half Moon Ln, London",SE24 9HU,Liquor store,email,hello@wildandlees.com,hello@wildandlees.com,,http://instagram.com/wildandlees,https://www.facebook.com/wildandlees,https://wa.me/447985218570,+44 7985 218570,mobile,http://www.wildandlees.com/,https://maps.google.com/?cid=14161471294867672587&g_mp=Cidnb29nbGUubWFwcy5wbGFjZXMudjEuUGxhY2VzLlNlYXJjaFRleHQQAhgEIAA,ChIJD-64OXMEdkgRC456qxynh8Q
Herne Hill,curated_object,fashion,Wish,"238 Railton Rd, London",SE24 0JT,Gift shop,whatsapp,https://wa.me/447949298956,,,,,https://wa.me/447949298956,+44 7949 298956,mobile,,https://maps.google.com/?cid=11555993085082610169&g_mp=Cidnb29nbGUubWFwcy5wbGFjZXMudjEuUGxhY2VzLlNlYXJjaFRleHQQAhgEIAA,ChIJFWXxL3MEdkgR-Sk4D3wiX6A
Herne Hill,empty_chair,empty_chair,Aitch SE24,"22 Half Moon Ln, London",SE24 9HU,Hair salon,email,hello@aitch.london,hello@aitch.london,,https://www.instagram.com/aitchse24,https://www.facebook.com/AitchSE24,,+44 20 7733 5649,landline,https://www.aitch.london/,https://maps.google.com/?cid=1228097108569563060&g_mp=Cidnb29nbGUubWFwcy5wbGFjZXMudjEuUGxhY2VzLlNlYXJjaFRleHQQAhgEIAA,ChIJA0IJWnMEdkgRtB_5QdATCxE
Herne Hill,empty_chair,empty_chair,Clepsydra Barbers,"2A Half Moon Ln, London",SE24 9HU,Barber shop,email,diako12345@hotmail.com,diako12345@hotmail.com,,,,,+44 20 7738 7483,landline,https://clepsydra-barbers.ueniweb.com/,https://maps.google.com/?cid=10494401215570652464&g_mp=Cidnb29nbGUubWFwcy5wbGFjZXMudjEuUGxhY2VzLlNlYXJjaFRleHQQAhgEIAA,ChIJ4yeI4cYFdkgRMC2EyE2ao5E
Herne Hill,empty_chair,empty_chair,Fringe Hair Salon,"19 Half Moon Ln, London",SE24 9JU,Hair salon,email,info@fringehernehill.com,info@fringehernehill.com,,,,,+44 20 7738 3940,landline,http://www.fringehernehill.com/,https://maps.google.com/?cid=10714215919178125889&g_mp=Cidnb29nbGUubWFwcy5wbGFjZXMudjEuUGxhY2VzLlNlYXJjaFRleHQQAhgEIAA,ChIJjxarXXMEdkgRQZJytZyKsJQ
Herne Hill,empty_chair,empty_chair,Glistering Nails,"21 Half Moon Ln, London",SE24 9JU,Nail salon,instagram_dm,https://www.instagram.com/glisteringnails/,,,https://www.instagram.com/glisteringnails/,,,+44 20 7733 1361,landline,,https://maps.google.com/?cid=856266131672435521&g_mp=Cidnb29nbGUubWFwcy5wbGFjZXMudjEuUGxhY2VzLlNlYXJjaFRleHQQAhgEIAA,ChIJVfMsXHMEdkgRQYuIk4IR4gs
Herne Hill,empty_chair,empty_chair,Myla and Davis,"204 Railton Rd, London",SE24 0JT,Hair salon,email,weddings@mylaanddavis.co.uk,weddings@mylaanddavis.co.uk,,https://www.instagram.com/mylaanddavis,https://www.facebook.com/538667706505389,,+44 20 7207 2865,landline,http://www.mylaanddavis.co.uk/,https://maps.google.com/?cid=17488436288853886614&g_mp=Cidnb29nbGUubWFwcy5wbGFjZXMudjEuUGxhY2VzLlNlYXJjaFRleHQQAhgEIAA,ChIJ4-Kb4HIEdkgRlsYvoiVos_I
Herne Hill,empty_chair,empty_chair,Our Little Secret,"118 Railton Rd, London",SE24 0JX,Hair salon,email,ourlittlesecretisus@gmail.com,ourlittlesecretisus@gmail.com,,,https://www.facebook.com/127556027293121,https://wa.me/447934586863,+44 7934 586863,mobile,https://www.ourlittlesecrethernehill.com/,https://maps.google.com/?cid=16964731368092113433&g_mp=Cidnb29nbGUubWFwcy5wbGFjZXMudjEuUGxhY2VzLlNlYXJjaFRleHQQAhgEIAA,ChIJQ1qrenIEdkgRGZoO2UvVbus
Herne Hill,end_of_day_food,end_of_day_food,Arapina Bakery - Herne Hill Market,"Railton Rd, London",SE24 0JN,Bakery,email,marketing@arapina.co.uk,marketing@arapina.co.uk,,https://www.instagram.com/arapina_bakery,https://www.facebook.com/ArapinaBakery,,+44 20 8469 1764,landline,https://arapina.co.uk/,https://maps.google.com/?cid=11788080793922963091&g_mp=Cidnb29nbGUubWFwcy5wbGFjZXMudjEuUGxhY2VzLlNlYXJjaFRleHQQAhgEIAA,ChIJd7P8cu0FdkgRkwZisQatl6M
Herne Hill,end_of_day_food,end_of_day_food,Blackbird Bakery Herne Hill,"230 Railton Rd, London",SE24 0JT,Bakery,email,blackbirdbakerylondon@gmail.com,blackbirdbakerylondon@gmail.com,,https://www.instagram.com/blackbirdbakerylondon,https://www.facebook.com/BlackbirdBakeryLondon,,+44 20 7095 8800,landline,http://www.blackbirdbakerylondon.co.uk/,https://maps.google.com/?cid=14356993243372168109&g_mp=Cidnb29nbGUubWFwcy5wbGFjZXMudjEuUGxhY2VzLlNlYXJjaFRleHQQAhgEIAA,ChIJLY9E3nIEdkgRraPhyUlJPsc
Herne Hill,end_of_day_food,end_of_day_food,Cafe' del Cuore (cafe' of the heart),"135 Half Moon Ln, London",SE24 9JY,Deli,instagram_dm,https://www.instagram.com/cafedelcuore/,,,https://www.instagram.com/cafedelcuore/,,,+44 20 8166 6205,landline,,https://maps.google.com/?cid=527732763861296915&g_mp=Cidnb29nbGUubWFwcy5wbGFjZXMudjEuUGxhY2VzLlNlYXJjaFRleHQQAhgEIAA,ChIJtUniX3UEdkgRE6dJFifiUgc
Herne Hill,end_of_day_food,end_of_day_food,Christopher's,"145 Half Moon Ln, London",SE24 9JY,Bakery,email,christophersfoh@gmail.com,christophersfoh@gmail.com,,https://www.instagram.com/christophersbakery,https://www.facebook.com/christophersbakery,,,none,https://www.christophers-bakery.com/,https://maps.google.com/?cid=9473860041880055304&g_mp=Cidnb29nbGUubWFwcy5wbGFjZXMudjEuUGxhY2VzLlNlYXJjaFRleHQQAhgEIAA,ChIJYcwwmIoDdkgRCC4HcIPpeYM
Herne Hill,end_of_day_food,end_of_day_food,Flo's,"23 Half Moon Ln, London",SE24 9JU,Coffee shop,instagram_dm,https://www.instagram.com/flos_hernehill/,,,https://www.instagram.com/flos_hernehill/,,,,none,,https://maps.google.com/?cid=10918893713259008722&g_mp=Cidnb29nbGUubWFwcy5wbGFjZXMudjEuUGxhY2VzLlNlYXJjaFRleHQQAhgEIAA,ChIJiR62zSYFdkgR0pIMP_uzh5c
Herne Hill,end_of_day_food,end_of_day_food,GAIL's Bakery Herne Hill,"214-216 Railton Rd, London",SE24 0JT,Bakery,instagram_dm,https://www.instagram.com/gailsbakery,,mirandasmith04@yahoo.co.uk,https://www.instagram.com/gailsbakery,http://www.facebook.com/GAILs.Bakery,,+44 20 3848 9716,landline,https://gailsbread.co.uk/bakeries/herne-hill/,https://maps.google.com/?cid=9161927782474988855&g_mp=Cidnb29nbGUubWFwcy5wbGFjZXMudjEuUGxhY2VzLlNlYXJjaFRleHQQAhgEIAA,ChIJSZfqN_UFdkgRNz00tMa0JX8
Herne Hill,end_of_day_food,end_of_day_food,Herne Hill Foods,"240 Railton Rd, London",SE24 0JT,Restaurant,walk_in,https://maps.google.com/?cid=183018873576433583&g_mp=Cidnb29nbGUubWFwcy5wbGFjZXMudjEuUGxhY2VzLlNlYXJjaFRleHQQAhgEIAA,,,,,,+44 20 7738 3400,landline,,https://maps.google.com/?cid=183018873576433583&g_mp=Cidnb29nbGUubWFwcy5wbGFjZXMudjEuUGxhY2VzLlNlYXJjaFRleHQQAhgEIAA,ChIJbcqu1ugFdkgRrye3IrI2igI
Herne Hill,end_of_day_food,end_of_day_food,Kai Hung,"88 Railton Rd, London",SE24 0LD,Takeout restaurant,email,khlondonuk@hotmail.com,khlondonuk@hotmail.com,,,https://www.facebook.com/kaihungonline,,+44 20 7733 6566,landline,http://www.kaihungonline.co.uk/,https://maps.google.com/?cid=12384985558293650146&g_mp=Cidnb29nbGUubWFwcy5wbGFjZXMudjEuUGxhY2VzLlNlYXJjaFRleHQQAhgEIAA,ChIJTVXxdm4EdkgR4ppvLr9O4Ks
Herne Hill,end_of_day_food,end_of_day_food,Koala Coffee & Ice Cream,"64 Railton Rd, London",SE24 0LF,Coffee shop,email,koala@koalacoffee.co.uk,koala@koalacoffee.co.uk,,https://www.instagram.com/koalabrixton,https://www.facebook.com/482713478521459,,,none,http://www.koalacoffee.co.uk/,https://maps.google.com/?cid=1496409423528534452&g_mp=Cidnb29nbGUubWFwcy5wbGFjZXMudjEuUGxhY2VzLlNlYXJjaFRleHQQAhgEIAA,ChIJMQkh54IFdkgRtCH3P3FQxBQ
Herne Hill,end_of_day_food,end_of_day_food,Llewelyn's,"293-295 Railton Rd, London",SE24 0JP,Restaurant,email,bookings@llewelyns-restaurant.co.uk,bookings@llewelyns-restaurant.co.uk,,https://www.instagram.com/llewelynslondon,,,,none,https://www.llewelyns-restaurant.co.uk/,https://maps.google.com/?cid=14574838488874065368&g_mp=Cidnb29nbGUubWFwcy5wbGFjZXMudjEuUGxhY2VzLlNlYXJjaFRleHQQAhgEIAA,ChIJ35SN4HIEdkgR2J0HhGI6RMo
Herne Hill,end_of_day_food,end_of_day_food,Macatia and Coffee,"1A Half Moon Ln, London",SE24 9JU,Coffee shop,email,info@stagheaddesigns.com,info@stagheaddesigns.com,,https://www.instagram.com/macatia.andcoffee,,,,none,http://www.macatia.co.uk/,https://maps.google.com/?cid=9153654914021987747&g_mp=Cidnb29nbGUubWFwcy5wbGFjZXMudjEuUGxhY2VzLlNlYXJjaFRleHQQAhgEIAA,ChIJOaTXQzYFdkgRoxXKaqVQCH8
Herne Hill,end_of_day_food,end_of_day_food,Maureen's Brixton Kitchen,"52 Railton Rd, London",SE24 0LF,Restaurant,instagram_dm,https://www.instagram.com/maureensbrixtonkitchen,,,https://www.instagram.com/maureensbrixtonkitchen,,https://wa.me/447940382501,+44 7940 382501,mobile,https://www.instagram.com/maureensbrixtonkitchen,https://maps.google.com/?cid=16819662819322173819&g_mp=Cidnb29nbGUubWFwcy5wbGFjZXMudjEuUGxhY2VzLlNlYXJjaFRleHQQAhgEIAA,ChIJx79BMgAFdkgRexmLQzhya-k
Herne Hill,end_of_day_food,end_of_day_food,Mino Pottery Painting & Cafe,"16 Half Moon Ln, London",SE24 9HU,Cafe,email,contact@minopotterypainting.co.uk,contact@minopotterypainting.co.uk,,https://www.instagram.com/minopotterypainting,,,+44 20 3815 2671,landline,https://www.minopotterypainting.co.uk/,https://maps.google.com/?cid=10691675007786615163&g_mp=Cidnb29nbGUubWFwcy5wbGFjZXMudjEuUGxhY2VzLlNlYXJjaFRleHQQAhgEIAA,ChIJf0U5FqEFdkgRewELzcV1YJQ
Herne Hill,end_of_day_food,end_of_day_food,"Perks & White coffee, Herne Hill Station","Station Ticket Hall, Herne Hill, Railton Rd, London",SE24 0JW,Coffee shop,email,hello@perksandwhite.com,hello@perksandwhite.com,,https://www.instagram.com/perksandwhite,https://www.facebook.com/perksandwhitecoffee,https://wa.me/447848172681,+44 7848 172681,mobile,http://www.perksandwhite.com/,https://maps.google.com/?cid=16330727062790054789&g_mp=Cidnb29nbGUubWFwcy5wbGFjZXMudjEuUGxhY2VzLlNlYXJjaFRleHQQAhgEIAA,ChIJYZdOSd8FdkgRhaN1Xb1louI
Herne Hill,end_of_day_food,end_of_day_food,"Perks & White coffee, Ticket Hall - Herne Hill Station","Ticket Hall, Herne Hill Station, Railton Rd, London",SE24 0JW,Cafe,email,hello@perksandwhite.com,hello@perksandwhite.com,,https://www.instagram.com/perksandwhite,https://www.facebook.com/perksandwhitecoffee,,+44 20 8678 0002,landline,https://www.perksandwhite.com/,https://maps.google.com/?cid=825188137314463942&g_mp=Cidnb29nbGUubWFwcy5wbGFjZXMudjEuUGxhY2VzLlNlYXJjaFRleHQQAhgEIAA,ChIJS1N1x8UFdkgRxrB-JT2ocws
Herne Hill,end_of_day_food,end_of_day_food,Railton Lounge,"126 Railton Rd, London",SE24 0JX,Coffee shop,whatsapp,https://wa.me/447398865020,,,,,https://wa.me/447398865020,+44 7398 865020,mobile,,https://maps.google.com/?cid=7905244433343589811&g_mp=Cidnb29nbGUubWFwcy5wbGFjZXMudjEuUGxhY2VzLlNlYXJjaFRleHQQAhgEIAA,ChIJuc7P7JMFdkgRsy0UqO0RtW0
Herne Hill,end_of_day_food,end_of_day_food,Sesami,"307 Railton Rd, London",SE24 0JN,Coffee shop,email,hellosesami@gmail.com,hellosesami@gmail.com,,,https://www.facebook.com/sesami.co.uk,https://wa.me/447519433136,+44 7519 433136,mobile,http://www.sesami.co.uk/,https://maps.google.com/?cid=14748863462415087487&g_mp=Cidnb29nbGUubWFwcy5wbGFjZXMudjEuUGxhY2VzLlNlYXJjaFRleHQQAhgEIAA,ChIJ1WQWdlgFdkgRfzf9HS19rsw
Herne Hill,end_of_day_food,end_of_day_food,West 16th,"137 Half Moon Ln, London",SE24 9JY,Restaurant,email,zita@west16th.co.uk,zita@west16th.co.uk,,,,,,none,https://www.west16th.co.uk/,https://maps.google.com/?cid=17742660564434341655&g_mp=Cidnb29nbGUubWFwcy5wbGFjZXMudjEuUGxhY2VzLlNlYXJjaFRleHQQAhgEIAA,ChIJcS9s55YDdkgRF89wWceXOvY
Brixton Village,curated_object,books,ABLE REBIRTH RECORDS,"0 1, Green Man Court, 229 Coldharbour Ln, London",SW9 8RR,Manufacturer,facebook_dm,https://facebook.com/evowlvedbrands,,info@evowlvedbrands.com,,https://facebook.com/evowlvedbrands,https://wa.me/447950756461,+44 7950 756461,mobile,https://soloist.ai/ablerebirthrecords,https://maps.google.com/?cid=9707210596046905135&g_mp=Cidnb29nbGUubWFwcy5wbGFjZXMudjEuUGxhY2VzLlNlYXJjaFRleHQQAhgEIAA,ChIJ51yHpd8FdkgRL59IKZvwtoY
Brixton Village,curated_object,books,Beautiful Books,"24 Brixton Station Rd, London",SW9 8PD,Book store,email,servicebeautifulbooks@yahoo.co.uk,servicebeautifulbooks@yahoo.co.uk,,,,,+44 20 7738 3302,landline,http://lef-beautifulbooks.co.uk/,https://maps.google.com/?cid=10574214715312756698&g_mp=Cidnb29nbGUubWFwcy5wbGFjZXMudjEuUGxhY2VzLlNlYXJjaFRleHQQAhgEIAA,ChIJq6qqqmcEdkgR2tfsTEIov5I
Brixton Village,curated_object,books,BookMongers,"439 Coldharbour Ln, London",SW9 8LN,Book store,email,book.mongers80@gmail.com,book.mongers80@gmail.com,,https://instagram.com/bookmongersbrixton,,,+44 20 7738 4225,landline,https://bookmongers.com/,https://maps.google.com/?cid=3739663887928232517&g_mp=Cidnb29nbGUubWFwcy5wbGFjZXMudjEuUGxhY2VzLlNlYXJjaFRleHQQAhgEIAA,ChIJ1fPOjmgEdkgRRYpRE3705TM
Brixton Village,curated_object,wine,Bottle + Rye,"Ground Floor, 404-406 Market Row, London",SW9 8LD,Wine bar,email,reservations@bottleandrye.com,reservations@bottleandrye.com,,,,,,none,http://www.bottleandrye.com/,https://maps.google.com/?cid=2459350780900952264&g_mp=Cidnb29nbGUubWFwcy5wbGFjZXMudjEuUGxhY2VzLlNlYXJjaFRleHQQAhgEIAA,ChIJ30NQAHAFdkgRyEiuSYFeISI
Brixton Village,curated_object,fashion,Diverse,"390 Coldharbour Ln, London",SW9 8LF,Gift shop,email,info@diversegifts.co.uk,info@diversegifts.co.uk,,https://www.instagram.com/diversegifts,https://facebook.com/diversebrixton,,+44 20 7733 1488,landline,http://www.diversegifts.co.uk/,https://maps.google.com/?cid=12837473345091483639&g_mp=Cidnb29nbGUubWFwcy5wbGFjZXMudjEuUGxhY2VzLlNlYXJjaFRleHQQAhgEIAA,ChIJEe-5Sm8EdkgR9ze50_3dJ7I
Brixton Village,curated_object,fashion,Full Moon Designs,"8, Brixton Village, First Avenue, London",SW9 8PR,Jewelry store,email,contact@fullmoondesigns.co.uk,contact@fullmoondesigns.co.uk,,https://instagram.com/fullmoondesigns,https://facebook.com/fullmoondesigns,https://wa.me/447947485376,+44 7947 485376,mobile,http://fullmoondesigns.co.uk/,https://maps.google.com/?cid=5710432260591133614&g_mp=Cidnb29nbGUubWFwcy5wbGFjZXMudjEuUGxhY2VzLlNlYXJjaFRleHQQAhgEIAA,ChIJZcf8qGgEdkgRriN3xuKHP08
Brixton Village,curated_object,wine,Ghost Whale,"70 Atlantic Rd, London",SW9 8PX,Liquor store,email,brixton@ghostwhalelondon.com,brixton@ghostwhalelondon.com,,https://www.instagram.com/ghostwhalelondon,https://www.facebook.com/GhostWhaleLondon,,+44 20 7207 1641,landline,http://www.ghostwhalelondon.com/,https://maps.google.com/?cid=6398170059585066468&g_mp=Cidnb29nbGUubWFwcy5wbGFjZXMudjEuUGxhY2VzLlNlYXJjaFRleHQQAhgEIAA,ChIJ09CeNW8EdkgR5JUbLsXdylg
Brixton Village,curated_object,fashion,Lalune London,"Lalune, 24 Market Row, London",SW9 8LB,Jewelry store,email,contact@lalunelondon.com,contact@lalunelondon.com,,https://www.instagram.com/laluneldn,,https://wa.me/447511641910,+44 7511 641910,mobile,http://lalunelondon.com/,https://maps.google.com/?cid=6591613771666786897&g_mp=Cidnb29nbGUubWFwcy5wbGFjZXMudjEuUGxhY2VzLlNlYXJjaFRleHQQAhgEIAA,ChIJy6FSmoup2EcRUYrFLM0dels
Brixton Village,curated_object,fashion,Rachel & Malika's,"Granville Arcade, Coldharbour Ln, London",SW9 8PR,Gift shop,email,rachelandmalikas@gmail.com,rachelandmalikas@gmail.com,,https://www.instagram.com/rachelmalikas,https://www.facebook.com/RachelandMalikas,https://wa.me/447988318125,+44 7988 318125,mobile,http://www.rachelandmalikas.com/,https://maps.google.com/?cid=15503918495057899054&g_mp=Cidnb29nbGUubWFwcy5wbGFjZXMudjEuUGxhY2VzLlNlYXJjaFRleHQQAhgEIAA,ChIJxy6Lq2gEdkgRLu6IXLr7KNc
Brixton Village,curated_object,books,Round Table Books,"Brixton Village, 10-11 Granville Arcade, Coldharbour Ln, London",SW9 8PR,Book store,email,bookshop@roundtablebooks.co.uk,bookshop@roundtablebooks.co.uk,,https://www.instagram.com/roundtablebooks,https://www.facebook.com/RoundtableBookshop,,+44 20 7274 0030,landline,http://roundtablebooks.co.uk/,https://maps.google.com/?cid=11958101246039214675&g_mp=Cidnb29nbGUubWFwcy5wbGFjZXMudjEuUGxhY2VzLlNlYXJjaFRleHQQAhgEIAA,ChIJjYfNROgFdkgRU8pS_rm186U
Brixton Village,empty_chair,empty_chair,403 Barber Lane Brixton,"403 Coldharbour Ln, London",SW9 8LQ,Barber shop,instagram_dm,https://www.instagram.com/403barberlane,,,https://www.instagram.com/403barberlane,,https://wa.me/447894657172,+44 7894 657172,mobile,https://www.403barberlane.com/,https://maps.google.com/?cid=16062481991867213629&g_mp=Cidnb29nbGUubWFwcy5wbGFjZXMudjEuUGxhY2VzLlNlYXJjaFRleHQQAhgEIAA,ChIJA6MWGOwFdkgRPada2ERm6d4
Brixton Village,empty_chair,empty_chair,Ama (Brixton),"Gresham Cafe, 340 Coldharbour Ln, London",SW9 8QH,Nail salon,email,info@amathesalon.com,info@amathesalon.com,,http://instagram.com/amathesalon,https://www.facebook.com/Ama-The-Salon-2012418732354503,,+44 20 7095 8088,landline,http://www.amathesalon.com/,https://maps.google.com/?cid=17034946806890888163&g_mp=Cidnb29nbGUubWFwcy5wbGFjZXMudjEuUGxhY2VzLlNlYXJjaFRleHQQAhgEIAA,ChIJj3ETAi0FdkgR4_tnqN1JaOw
Brixton Village,empty_chair,empty_chair,Amy's Beauty Salon,"15 Brixton Station Rd, London",SW9 8PB,Beauty salon,whatsapp,https://wa.me/447515110700,,,,,https://wa.me/447515110700,+44 7515 110700,mobile,,https://maps.google.com/?cid=9198201687016962753&g_mp=Cidnb29nbGUubWFwcy5wbGFjZXMudjEuUGxhY2VzLlNlYXJjaFRleHQQAhgEIAA,ChIJMSaLZO0FdkgRwXoLP7OTpn8
Brixton Village,empty_chair,empty_chair,André Pierre,"393 Coldharbour Ln, London",SW9 8LQ,Hair salon,email,info@andre-pierre.com,info@andre-pierre.com,,,,https://wa.me/447593001733,+44 7593 001733,mobile,http://www.andre-pierre.com/,https://maps.google.com/?cid=17225270891360938281&g_mp=Cidnb29nbGUubWFwcy5wbGFjZXMudjEuUGxhY2VzLlNlYXJjaFRleHQQAhgEIAA,ChIJ9xwiu2gEdkgRKelxv5x0DO8
Brixton Village,empty_chair,empty_chair,Astelle Beauty Palace,"16 Brixton Station Rd, London",SW9 7PD,Beauty salon,facebook_dm,https://www.facebook.com/Sharikkhanjr1,,,,https://www.facebook.com/Sharikkhanjr1,https://wa.me/447427406232,+44 7427 406232,mobile,https://sites.google.com/view/astellebeautypalace/,https://maps.google.com/?cid=12752741938960252537&g_mp=Cidnb29nbGUubWFwcy5wbGFjZXMudjEuUGxhY2VzLlNlYXJjaFRleHQQAhgEIAA,ChIJH39u4HQFdkgReb7z_znX-rA
Brixton Village,empty_chair,empty_chair,Beauty by Patti,"Within Mazel Beauty, 86 Atlantic Rd, London",SW9 8PX,Beauty salon,whatsapp,https://wa.me/447841685760,,beautybypatti@hotmail.com,,,https://wa.me/447841685760,+44 7841 685760,mobile,https://beautybypatti.book.app/book-now,https://maps.google.com/?cid=14638988988111321048&g_mp=Cidnb29nbGUubWFwcy5wbGFjZXMudjEuUGxhY2VzLlNlYXJjaFRleHQQAhgEIAA,ChIJvwxygLoFdkgR2Pc6i-wiKMs
Brixton Village,empty_chair,empty_chair,Blue Tit Brixton,"342 Coldharbour Ln, London",SW9 8QH,Hair salon,email,steve@bluetitlondon.com,steve@bluetitlondon.com,,https://www.instagram.com/bluetitlondon,https://www.facebook.com/bluetitlondon,,+44 20 7274 0655,landline,https://bluetitlondon.com/salons/brixton/,https://maps.google.com/?cid=9083458406883419543&g_mp=Cidnb29nbGUubWFwcy5wbGFjZXMudjEuUGxhY2VzLlNlYXJjaFRleHQQAhgEIAA,ChIJ_9Dlg2UEdkgRl2VSekvtDn4
Brixton Village,empty_chair,empty_chair,Brow & Bliss,"Inside Andre Pierre, 393 Coldharbour Ln, London",SW9 8LQ,Beauty salon,whatsapp,https://wa.me/447404187235,,,,,https://wa.me/447404187235,+44 7404 187235,mobile,,https://maps.google.com/?cid=8989687758359690159&g_mp=Cidnb29nbGUubWFwcy5wbGFjZXMudjEuUGxhY2VzLlNlYXJjaFRleHQQAhgEIAA,ChIJfdzw2M4FdkgRr_u0BmPJwXw
Brixton Village,empty_chair,empty_chair,Crown and Glory Barbers,"10 Coldharbour Ln, London",SE5 9PR,Barber shop,instagram_dm,https://www.instagram.com/crownandglory23/,,,https://www.instagram.com/crownandglory23/,,,,none,,https://maps.google.com/?cid=8784836388518358302&g_mp=Cidnb29nbGUubWFwcy5wbGFjZXMudjEuUGxhY2VzLlNlYXJjaFRleHQQAhgEIAA,ChIJ71LIin8EdkgRHu2PuyYC6nk
Brixton Village,empty_chair,empty_chair,Curfew Grooming Brixton,"40 Atlantic Rd, London",SW9 8JW,Barber shop,email,info@curfewcompany.com,info@curfewcompany.com,,https://www.instagram.com/curfew_grooming,https://www.facebook.com/CurfewGrooming,,+44 20 3916 5256,landline,http://www.curfewgrooming.co/,https://maps.google.com/?cid=1371494181337877691&g_mp=Cidnb29nbGUubWFwcy5wbGFjZXMudjEuUGxhY2VzLlNlYXJjaFRleHQQAhgEIAA,ChIJDQTTEmYEdkgRu8woArGGCBM
Brixton Village,empty_chair,empty_chair,DC Studio London,"352 Coldharbour Ln, London",SW9 8QH,Nail salon,instagram_dm,https://www.instagram.com/blowstudiobydc,,,https://www.instagram.com/blowstudiobydc,,https://wa.me/447393172056,+44 7393 172056,mobile,https://www.instagram.com/blowstudiobydc?igsh=bjQ5dnZ6NWoweXpz&utm_source=qr,https://maps.google.com/?cid=4516725128026385717&g_mp=Cidnb29nbGUubWFwcy5wbGFjZXMudjEuUGxhY2VzLlNlYXJjaFRleHQQAhgEIAA,ChIJw7-kSJoFdkgRNe0XxJKhrj4
Brixton Village,empty_chair,empty_chair,Diako Barbershop,"322 Coldharbour Ln, London",SW9 8QH,Barber shop,instagram_dm,https://www.instagram.com/d_r_barber_shop,,,https://www.instagram.com/d_r_barber_shop,,,+44 20 3771 2348,landline,https://www.instagram.com/d_r_barber_shop?igsh=ZTV4ZW40NGwxaDI%3D&utm_source=qr,https://maps.google.com/?cid=14029176763876798828&g_mp=Cidnb29nbGUubWFwcy5wbGFjZXMudjEuUGxhY2VzLlNlYXJjaFRleHQQAhgEIAA,ChIJrcXoX3QFdkgRbHEK3u-lscI
Brixton Village,empty_chair,empty_chair,Elevate,"The Metropolis, 61 Atlantic Rd, London",SW9 8PU,Hair salon,email,info@elevatehairdressing.co.uk,info@elevatehairdressing.co.uk,,https://www.instagram.com/elevate399,,,+44 20 3581 6250,landline,https://www.elevatehairdressing.co.uk/,https://maps.google.com/?cid=12903460839209331949&g_mp=Cidnb29nbGUubWFwcy5wbGFjZXMudjEuUGxhY2VzLlNlYXJjaFRleHQQAhgEIAA,ChIJ2Y1nS28EdkgR7Ww8jkRNErM
Brixton Village,empty_chair,empty_chair,Esu Hair & Beauty Salon,"72 Atlantic Rd, London",SW9 8PX,Beauty salon,walk_in,https://maps.google.com/?cid=4370682541784931653&g_mp=Cidnb29nbGUubWFwcy5wbGFjZXMudjEuUGxhY2VzLlNlYXJjaFRleHQQAhgEIAA,,,,,,+44 20 7733 0629,landline,,https://maps.google.com/?cid=4370682541784931653&g_mp=Cidnb29nbGUubWFwcy5wbGFjZXMudjEuUGxhY2VzLlNlYXJjaFRleHQQAhgEIAA,ChIJ9XbuNG8EdkgRRZ0XaZ3Ipzw
Brixton Village,empty_chair,empty_chair,FACIAL QUARTERS,"Within Andre Pierre, 393 Coldharbour Ln, London",SW9 8LQ,Beauty salon,facebook_dm,http://www.facebook.com/profile.php,,team@booksolo.co,,http://www.facebook.com/profile.php,https://wa.me/447311382563,+44 7311 382563,mobile,https://booksolo.co/facialquarters,https://maps.google.com/?cid=5405604717886495872&g_mp=Cidnb29nbGUubWFwcy5wbGFjZXMudjEuUGxhY2VzLlNlYXJjaFRleHQQAhgEIAA,ChIJ911y90AFdkgRgNzMzdmQBEs
Brixton Village,empty_chair,empty_chair,Gents of Brixton Barbers,"415 Coldharbour Ln, London",SW9 8LH,Barber shop,email,gentsofbrixton21@gmail.com,gentsofbrixton21@gmail.com,,,,,+44 20 3340 2909,landline,http://gentsofbrixtonbarber.com/,https://maps.google.com/?cid=18192363116269919960&g_mp=Cidnb29nbGUubWFwcy5wbGFjZXMudjEuUGxhY2VzLlNlYXJjaFRleHQQAhgEIAA,ChIJ9WYeq_MFdkgR2N4v8t1BePw
Brixton Village,empty_chair,empty_chair,Heads High Brixton,"54 Atlantic Rd, London",SW9 8PZ,Hair salon,email,bookings@headshighbrixton.co.uk,bookings@headshighbrixton.co.uk,,https://www.instagram.com/headshighbrixton,https://www.facebook.com/headshighbrixton,,+44 20 7737 7828,landline,http://www.headshighbrixton.co.uk/,https://maps.google.com/?cid=2298014656972092440&g_mp=Cidnb29nbGUubWFwcy5wbGFjZXMudjEuUGxhY2VzLlNlYXJjaFRleHQQAhgEIAA,ChIJmx0oaMUFdkgRGHR2tScw5B8
Brixton Village,empty_chair,empty_chair,JayJay Barber Shop,"216 Coldharbour Ln, London",SW9 8SA,Barber shop,instagram_dm,https://www.instagram.com/jayjaybarbers21/,,,https://www.instagram.com/jayjaybarbers21/,,,+44 20 4529 0383,landline,,https://maps.google.com/?cid=16071306731775396742&g_mp=Cidnb29nbGUubWFwcy5wbGFjZXMudjEuUGxhY2VzLlNlYXJjaFRleHQQAhgEIAA,ChIJyS8m5nsFdkgRhgvRt1LACN8
Brixton Village,empty_chair,empty_chair,Klassique Barbers London,"81 Atlantic Rd, London",SW9 8PU,Barber shop,instagram_dm,https://www.instagram.com/klassiquebarbers/,,,https://www.instagram.com/klassiquebarbers/,,,+44 20 7738 6200,landline,,https://maps.google.com/?cid=13831501217861995952&g_mp=Cidnb29nbGUubWFwcy5wbGFjZXMudjEuUGxhY2VzLlNlYXJjaFRleHQQAhgEIAA,ChIJcXWMNm8EdkgRsA0MQRNd878
Brixton Village,empty_chair,empty_chair,Luna & Wilde Brixton Biab Nail Salon,"425 Coldharbour Ln, London",SW9 8LH,Nail salon,instagram_dm,https://www.instagram.com/lunaandwilde/,,,https://www.instagram.com/lunaandwilde/,,,+44 20 8616 7898,landline,https://linktr.ee/lunaandwilde,https://maps.google.com/?cid=17114012944883315843&g_mp=Cidnb29nbGUubWFwcy5wbGFjZXMudjEuUGxhY2VzLlNlYXJjaFRleHQQAhgEIAA,ChIJu1rjZP0FdkgRg_Q0dRkwge0
Brixton Village,empty_chair,empty_chair,Myla and Davis,"431-433 Coldharbour Ln, London",SW9 8LN,Hair salon,email,weddings@mylaanddavis.co.uk,weddings@mylaanddavis.co.uk,,https://www.instagram.com/mylaanddavis,https://www.facebook.com/538667706505389,,+44 20 3818 0068,landline,http://www.mylaanddavis.co.uk/,https://maps.google.com/?cid=11456226257483869911&g_mp=Cidnb29nbGUubWFwcy5wbGFjZXMudjEuUGxhY2VzLlNlYXJjaFRleHQQAhgEIAA,ChIJyy2elmgEdkgR1y7UXxWx_J4
Brixton Village,empty_chair,empty_chair,NAE2SLAE,"25 Coldharbour Ln, London",SE5 9NR,Beauty salon,whatsapp,https://wa.me/447593589004,,,,,https://wa.me/447593589004,+44 7593 589004,mobile,,https://maps.google.com/?cid=12998016564422335491&g_mp=Cidnb29nbGUubWFwcy5wbGFjZXMudjEuUGxhY2VzLlNlYXJjaFRleHQQAhgEIAA,ChIJC_ORNEEDdkgRA1wJ6zI7YrQ
Brixton Village,empty_chair,empty_chair,Nail Spa,"417 Coldharbour Ln, London",SW9 8LF,Beauty salon,email,gianghuonglily1965@gmail.com,gianghuonglily1965@gmail.com,,,https://www.facebook.com/nailspabrixton.417,,+44 20 7274 2288,landline,http://nailspabrixton.co.uk/,https://maps.google.com/?cid=2657104811490485968&g_mp=Cidnb29nbGUubWFwcy5wbGFjZXMudjEuUGxhY2VzLlNlYXJjaFRleHQQAhgEIAA,ChIJp8cll2gEdkgR0Cbfg7_u3yQ
Brixton Village,empty_chair,empty_chair,Oh LaLa Hair Salon,"The Metropolis, 77 Atlantic Rd, London",SW9 8PU,Hair salon,instagram_dm,http://www.instagram.com/sde_aesthetics,,begona_fernandez@treatwell.co.uk,http://www.instagram.com/sde_aesthetics,https://www.facebook.com/266454840191110,https://wa.me/447915849934,+44 7915 849934,mobile,https://www.treatwell.co.uk/place/ohlala-london/,https://maps.google.com/?cid=148443723924861867&g_mp=Cidnb29nbGUubWFwcy5wbGFjZXMudjEuUGxhY2VzLlNlYXJjaFRleHQQAhgEIAA,ChIJ_w-MwowFdkgRq3OtycdgDwI
Brixton Village,empty_chair,empty_chair,Queenty Boss Hair & Beauty Studio,"KIOSK 2, 17 Atlantic Rd, London",SW9 8HX,Hair salon,email,info@queentybosshair.com,info@queentybosshair.com,,,,https://wa.me/447465034374,+44 7465 034374,mobile,https://www.queentybosshair.com/,https://maps.google.com/?cid=1860739092633964230&g_mp=Cidnb29nbGUubWFwcy5wbGFjZXMudjEuUGxhY2VzLlNlYXJjaFRleHQQAhgEIAA,ChIJaXWyy2YFdkgRxk4hnFis0hk
Brixton Village,empty_chair,empty_chair,Rama's Hair & Beauty,"16B, Market Row, Coldharbour Ln, London",SW9 8LD,Hair salon,facebook_dm,https://www.facebook.com/Ramashairandbeauty,,zrasmatou@gmail.com,,https://www.facebook.com/Ramashairandbeauty,,+44 20 7733 7819,landline,http://www.ramas.10to8.com/,https://maps.google.com/?cid=7005493009631240211&g_mp=Cidnb29nbGUubWFwcy5wbGFjZXMudjEuUGxhY2VzLlNlYXJjaFRleHQQAhgEIAA,ChIJAYMKmmgEdkgRE2CNi8aCOGE
Brixton Village,empty_chair,empty_chair,Republic Barbershop,"62 Atlantic Rd, London",SW9 8PY,Barber shop,whatsapp,https://wa.me/447519361756,,,,,https://wa.me/447519361756,+44 7519 361756,mobile,,https://maps.google.com/?cid=9280340233655828218&g_mp=Cidnb29nbGUubWFwcy5wbGFjZXMudjEuUGxhY2VzLlNlYXJjaFRleHQQAhgEIAA,ChIJEbGzNZ8FdkgR-j7S7UVkyoA
Brixton Village,empty_chair,empty_chair,Sirwans Barbers,"Brixton Village, 47 Coldharbour Ln, London",SW9 8PS,Barber shop,facebook_dm,https://www.facebook.com/Plesk,,,,https://www.facebook.com/Plesk,https://wa.me/447951856000,+44 7951 856000,mobile,https://gatoreasy.com/sirwans-barbers-zjelgei,https://maps.google.com/?cid=4791983073581881007&g_mp=Cidnb29nbGUubWFwcy5wbGFjZXMudjEuUGxhY2VzLlNlYXJjaFRleHQQAhgEIAA,ChIJ2e0SAmYEdkgRr1aIZjeLgEI
Brixton Village,empty_chair,empty_chair,Tula Rose,"6A Coldharbour Ln, London",SE5 9PR,Beauty salon,email,info@tularose.com,info@tularose.com,,https://www.instagram.com/tularosebeauty,https://www.facebook.com/Tularoseltd,,+44 20 7733 1400,landline,http://tularose.com/,https://maps.google.com/?cid=6546340742077272973&g_mp=Cidnb29nbGUubWFwcy5wbGFjZXMudjEuUGxhY2VzLlNlYXJjaFRleHQQAhgEIAA,ChIJz7LQ9X8EdkgRjdMujjhG2Vo
Brixton Village,empty_chair,empty_chair,United Cutz Brixton Barber,"30 Atlantic Rd, London",SW9 8JW,Barber shop,instagram_dm,https://www.instagram.com/united_cutz/,,,https://www.instagram.com/united_cutz/,,,+44 20 3793 4316,landline,,https://maps.google.com/?cid=8288478158828525124&g_mp=Cidnb29nbGUubWFwcy5wbGFjZXMudjEuUGxhY2VzLlNlYXJjaFRleHQQAhgEIAA,ChIJuakNIGYEdkgRRNaOofiWBnM
Brixton Village,empty_chair,empty_chair,Victoria Beauty & Aesthetics,"214 Coldharbour Ln, London",SW9 8SA,Beauty salon,instagram_dm,https://www.instagram.com/victoriab_aesthetics/,,,https://www.instagram.com/victoriab_aesthetics/,,,,none,,https://maps.google.com/?cid=7011188083888800089&g_mp=Cidnb29nbGUubWFwcy5wbGFjZXMudjEuUGxhY2VzLlNlYXJjaFRleHQQAhgEIAA,ChIJG2NCinwFdkgRWcGkWWq-TGE
Brixton Village,empty_chair,empty_chair,Victoria Cole Hair & crown ov glory,"16 Coldharbour Ln, London",SE5 9PR,Hair salon,email,customerservice@victoriacole.co.uk,customerservice@victoriacole.co.uk,,,https://www.facebook.com/187457961275542,https://wa.me/447958717022,+44 7958 717022,mobile,http://www.victoriacole.co.uk/,https://maps.google.com/?cid=6558241544465541836&g_mp=Cidnb29nbGUubWFwcy5wbGFjZXMudjEuUGxhY2VzLlNlYXJjaFRleHQQAhgEIAA,ChIJGUC3i38EdkgRzOoTCfCNA1s
Brixton Village,end_of_day_food,end_of_day_food,ALL ROADS BRIXTON,"44 Atlantic Rd, London",SW9 8JN,Restaurant,email,info@allroadsldn.com,info@allroadsldn.com,,,,https://wa.me/447913172857,+44 7913 172857,mobile,http://www.allroadsldn.com/,https://maps.google.com/?cid=13690696610895750669&g_mp=Cidnb29nbGUubWFwcy5wbGFjZXMudjEuUGxhY2VzLlNlYXJjaFRleHQQAhgEIAA,ChIJW6ANzfcFdkgRDeYV_Acg_70
Brixton Village,end_of_day_food,end_of_day_food,Arepa & Co Venezuelan Restaurant Brixton,"14B, C, Market Row, London",SW9 8LD,Restaurant,email,hello@arepaandco.com,hello@arepaandco.com,,,https://www.facebook.com/arepaandco,,+44 20 4619 3502,landline,https://www.arepaandco.com/pages/brixton-restaurant/?utm_source=GMB&utm_medium=website%20click&utm_campaign=SDM&utm_id=GMB,https://maps.google.com/?cid=11740036695054059958&g_mp=Cidnb29nbGUubWFwcy5wbGFjZXMudjEuUGxhY2VzLlNlYXJjaFRleHQQAhgEIAA,ChIJvc8XWAAFdkgRtom_Oiz97KI
Brixton Village,end_of_day_food,end_of_day_food,Atlantic Bakery,"The Metropolis, 67 Atlantic Rd, London",SW9 8PU,Bakery,walk_in,https://maps.google.com/?cid=15807436109002682324&g_mp=Cidnb29nbGUubWFwcy5wbGFjZXMudjEuUGxhY2VzLlNlYXJjaFRleHQQAhgEIAA,,,,,,+44 20 7998 8824,landline,,https://maps.google.com/?cid=15807436109002682324&g_mp=Cidnb29nbGUubWFwcy5wbGFjZXMudjEuUGxhY2VzLlNlYXJjaFRleHQQAhgEIAA,ChIJoyNUSm8EdkgR1K_JxmNLX9s
Brixton Village,end_of_day_food,end_of_day_food,BAD BREW INC.,"82, 84 Coldharbour Ln, London",SE5 9PU,Coffee shop,instagram_dm,https://www.instagram.com/badbrewinc/,,,https://www.instagram.com/badbrewinc/,,,,none,,https://maps.google.com/?cid=2475644539960954471&g_mp=Cidnb29nbGUubWFwcy5wbGFjZXMudjEuUGxhY2VzLlNlYXJjaFRleHQQAhgEIAA,ChIJb6GKN8oFdkgRZw6CspdBWyI
Brixton Village,end_of_day_food,end_of_day_food,Brixton Spritz,"21 Brixton Station Rd, London",SW9 8QQ,Restaurant,email,info@brixtonspritz.com,info@brixtonspritz.com,,,,,+44 20 3648 2199,landline,http://www.brixtonspritz.com/,https://maps.google.com/?cid=11094864088659326635&g_mp=Cidnb29nbGUubWFwcy5wbGFjZXMudjEuUGxhY2VzLlNlYXJjaFRleHQQAhgEIAA,ChIJFx4BHwAFdkgRq_bGAxvg-Jk
Brixton Village,end_of_day_food,end_of_day_food,Brixtonia,"19 Brixton Station Rd, London",SW9 8PB,Cafe,whatsapp,https://wa.me/447432227090,,,,,https://wa.me/447432227090,+44 7432 227090,mobile,,https://maps.google.com/?cid=5330524725372161791&g_mp=Cidnb29nbGUubWFwcy5wbGFjZXMudjEuUGxhY2VzLlNlYXJjaFRleHQQAhgEIAA,ChIJ9WToChgFdkgR_44-0v7T-Uk
Brixton Village,end_of_day_food,end_of_day_food,COLIBRI RESTAURANT & BAR,"426 Coldharbour Ln, London",SW9 8LF,Restaurant,whatsapp,https://wa.me/447958955683,,,,,https://wa.me/447958955683,+44 7958 955683,mobile,,https://maps.google.com/?cid=6354391160600079697&g_mp=Cidnb29nbGUubWFwcy5wbGFjZXMudjEuUGxhY2VzLlNlYXJjaFRleHQQAhgEIAA,ChIJhRy5kZoFdkgRUS1z8xdVL1g
Brixton Village,end_of_day_food,end_of_day_food,Cafe Rio,"30 Brixton Station Rd, London",SW9 8PE,Cafe,walk_in,https://maps.google.com/?cid=15199037204696856220&g_mp=Cidnb29nbGUubWFwcy5wbGFjZXMudjEuUGxhY2VzLlNlYXJjaFRleHQQAhgEIAA,,,,,,+44 20 8765 0533,landline,,https://maps.google.com/?cid=15199037204696856220&g_mp=Cidnb29nbGUubWFwcy5wbGFjZXMudjEuUGxhY2VzLlNlYXJjaFRleHQQAhgEIAA,ChIJYZZ0MWYEdkgRnPbmSc_T7dI
Brixton Village,end_of_day_food,end_of_day_food,Cantinho Mineiro,"Granville Arcade, Coldharbour Ln, London",SW9 8PS,Restaurant,whatsapp,https://wa.me/447988823743,,,,,https://wa.me/447988823743,+44 7988 823743,mobile,,https://maps.google.com/?cid=2845206649470614331&g_mp=Cidnb29nbGUubWFwcy5wbGFjZXMudjEuUGxhY2VzLlNlYXJjaFRleHQQAhgEIAA,ChIJHTZz450FdkgRO3tGhl80fCc
Brixton Village,end_of_day_food,end_of_day_food,Danclair's Kitchen,"67-68, Granville Arcade, Coldharbour Ln, London",SW9 8PS,Restaurant,email,hello@danclairskitchenbrixton.co.uk,hello@danclairskitchenbrixton.co.uk,,https://www.instagram.com/danclairskitchen,,,+44 20 7733 9800,landline,https://danclairskitchenbrixton.co.uk/,https://maps.google.com/?cid=12367766388559239244&g_mp=Cidnb29nbGUubWFwcy5wbGFjZXMudjEuUGxhY2VzLlNlYXJjaFRleHQQAhgEIAA,ChIJpSpJuOkFdkgRTNgWzwAio6s
Brixton Village,end_of_day_food,end_of_day_food,Express Cafe,"15-17 Market Row, London",SW9 8LB,Coffee shop,walk_in,https://maps.google.com/?cid=4887858378084168689&g_mp=Cidnb29nbGUubWFwcy5wbGFjZXMudjEuUGxhY2VzLlNlYXJjaFRleHQQAhgEIAA,,,,,,+44 20 7978 8515,landline,,https://maps.google.com/?cid=4887858378084168689&g_mp=Cidnb29nbGUubWFwcy5wbGFjZXMudjEuUGxhY2VzLlNlYXJjaFRleHQQAhgEIAA,ChIJAYMKmmgEdkgR8bMfQkwp1UM
Brixton Village,end_of_day_food,end_of_day_food,F. Mondays Coffee,"436 Coldharbour Ln, London",SW2 1JG,Coffee shop,email,info@fmondayscoffee.com,info@fmondayscoffee.com,,https://www.instagram.com/fmondayscoffee,,,,none,http://www.fmondayscoffee.com/,https://maps.google.com/?cid=4050862949117747630&g_mp=Cidnb29nbGUubWFwcy5wbGFjZXMudjEuUGxhY2VzLlNlYXJjaFRleHQQAhgEIAA,ChIJYT-R-xcFdkgRrmH0y2OONzg
Brixton Village,end_of_day_food,end_of_day_food,Four Boroughs - Coldharbour Works,"Four Boroughs, Coldharbour Works, 245a Coldharbour Ln, London",SW9 8RR,Coffee shop,instagram_dm,https://www.instagram.com/four_boroughs/,,,https://www.instagram.com/four_boroughs/,https://www.facebook.com/fourboroughs/,,,none,,https://maps.google.com/?cid=15046783605388431208&g_mp=Cidnb29nbGUubWFwcy5wbGFjZXMudjEuUGxhY2VzLlNlYXJjaFRleHQQAhgEIAA,ChIJSXuxcDwFdkgRaE9Zw_fp0NA
Brixton Village,end_of_day_food,end_of_day_food,Guzzl,"9, Granville Arcade, Coldharbour Ln, London",SW9 8PR,Deli,email,enquiries@guzzl.club,enquiries@guzzl.club,,https://www.instagram.com/guzzl_club,https://www.facebook.com/549234168763611,,+44 20 7346 8811,landline,http://www.guzzl.club/,https://maps.google.com/?cid=15939514243729518280&g_mp=Cidnb29nbGUubWFwcy5wbGFjZXMudjEuUGxhY2VzLlNlYXJjaFRleHQQAhgEIAA,ChIJGYz8qGgEdkgRyO7G5cCHNN0
Brixton Village,end_of_day_food,end_of_day_food,IRENE,"Coldharbour Ln, London",SW9 8PS,Bakery,email,hello@irenebakery.co.uk,hello@irenebakery.co.uk,,http://instagram.com/irene.bread,https://www.facebook.com/irene.bread.wines,,+44 20 3659 0585,landline,https://www.irenebakery.co.uk/,https://maps.google.com/?cid=17684036846441068353&g_mp=Cidnb29nbGUubWFwcy5wbGFjZXMudjEuUGxhY2VzLlNlYXJjaFRleHQQAhgEIAA,ChIJoxr5r4cFdkgRQfcJW9FRavU
Brixton Village,end_of_day_food,end_of_day_food,JOHNNIES,"104, Johnnies Cafe, 106 Coldharbour Ln, London",SE5 9PZ,Cafe,instagram_dm,https://www.instagram.com/johnniescamberwell/,,,https://www.instagram.com/johnniescamberwell/,,,+44 20 3354 0270,landline,,https://maps.google.com/?cid=12480557595297195418&g_mp=Cidnb29nbGUubWFwcy5wbGFjZXMudjEuUGxhY2VzLlNlYXJjaFRleHQQAhgEIAA,ChIJCQA6734EdkgRmiV-EgLZM60
Brixton Village,end_of_day_food,end_of_day_food,Kalandula Brixton,"5 Brixton Station Rd, London",SW9 8PA,Restaurant,instagram_dm,https://www.instagram.com/kalandulabng/,,,https://www.instagram.com/kalandulabng/,,,+44 20 7733 8274,landline,https://kalandulabrixton.co.uk/,https://maps.google.com/?cid=10349218743405056145&g_mp=Cidnb29nbGUubWFwcy5wbGFjZXMudjEuUGxhY2VzLlNlYXJjaFRleHQQAhgEIAA,ChIJ84-rRqcFdkgRkRB5V53Pn48
Brixton Village,end_of_day_food,end_of_day_food,LJ Grind,"204 Coldharbour Ln, London",SW9 8SA,Cafe,instagram_dm,https://www.instagram.com/lj.grind/,,,https://www.instagram.com/lj.grind/,,,+44 20 4597 6750,landline,,https://maps.google.com/?cid=4399689866527526411&g_mp=Cidnb29nbGUubWFwcy5wbGFjZXMudjEuUGxhY2VzLlNlYXJjaFRleHQQAhgEIAA,ChIJCb3vp6UFdkgRC05CgJ_WDj0
Brixton Village,end_of_day_food,end_of_day_food,La Nonna (Pasta fresca),"7 Market Row, London",SW9 8LB,Italian restaurant,email,eduardo@lanonnaldn.com,eduardo@lanonnaldn.com,,https://www.instagram.com/lanonnaldn,,,+44 20 3589 6645,landline,https://www.lanonnaldn.com/?utm_source=GBP.website&utm_medium=GBP&utm_campaign=br11183-website,https://maps.google.com/?cid=12194560877914149680&g_mp=Cidnb29nbGUubWFwcy5wbGFjZXMudjEuUGxhY2VzLlNlYXJjaFRleHQQAhgEIAA,ChIJAc87YOUFdkgRMNPyR4LIO6k
Brixton Village,end_of_day_food,end_of_day_food,La Taberna Del Sabor,"47 Atlantic Rd, London",SW9 8JL,Restaurant,walk_in,https://maps.google.com/?cid=5311497018004588792&g_mp=Cidnb29nbGUubWFwcy5wbGFjZXMudjEuUGxhY2VzLlNlYXJjaFRleHQQAhgEIAA,,,,,,,none,,https://maps.google.com/?cid=5311497018004588792&g_mp=Cidnb29nbGUubWFwcy5wbGFjZXMudjEuUGxhY2VzLlNlYXJjaFRleHQQAhgEIAA,ChIJE0IsMAAFdkgR-Mi1d2U6tkk
Brixton Village,end_of_day_food,end_of_day_food,Lala Cafe Brixton,"30 Brixton Station Rd, London",SW9 8PE,Cafe,walk_in,https://maps.google.com/?cid=6408964023248891094&g_mp=Cidnb29nbGUubWFwcy5wbGFjZXMudjEuUGxhY2VzLlNlYXJjaFRleHQQAhgEIAA,,,,,,+44 20 8765 0533,landline,,https://maps.google.com/?cid=6408964023248891094&g_mp=Cidnb29nbGUubWFwcy5wbGFjZXMudjEuUGxhY2VzLlNlYXJjaFRleHQQAhgEIAA,ChIJ96NMq1oFdkgR1iwCsNI28Vg
Brixton Village,end_of_day_food,end_of_day_food,No.61,"The Metropolis, 61 Atlantic Rd, London",SW9 8PU,Coffee shop,instagram_dm,https://www.instagram.com/no.61brixton,,,https://www.instagram.com/no.61brixton,,,+44 20 3581 6250,landline,https://www.instagram.com/no.61brixton/,https://maps.google.com/?cid=18232615616218059459&g_mp=Cidnb29nbGUubWFwcy5wbGFjZXMudjEuUGxhY2VzLlNlYXJjaFRleHQQAhgEIAA,ChIJwXZTXy8FdkgRw9Lqak1DB_0
Brixton Village,end_of_day_food,end_of_day_food,Nuvola,"4 Market Row, London",SW9 8LD,Pizza restaurant,email,nuvolapizzauk@gmail.com,nuvolapizzauk@gmail.com,,,,https://wa.me/447928527509,+44 7928 527509,mobile,https://nuvolapizza.co.uk/,https://maps.google.com/?cid=17067575375711661888&g_mp=Cidnb29nbGUubWFwcy5wbGFjZXMudjEuUGxhY2VzLlNlYXJjaFRleHQQAhgEIAA,ChIJRaAWY1cFdkgRQG9_VmA13Ow
Brixton Village,end_of_day_food,end_of_day_food,OKAN Brixton East,"338 Coldharbour Ln, London",SW9 8QH,Japanese restaurant,email,info@okanlondon.com,info@okanlondon.com,,,https://www.facebook.com/341113216403896,,,none,http://okanlondon.com/,https://maps.google.com/?cid=5132987425725123792&g_mp=Cidnb29nbGUubWFwcy5wbGFjZXMudjEuUGxhY2VzLlNlYXJjaFRleHQQAhgEIAA,ChIJ5U5qeGUEdkgR0IzkMt4IPEc
Brixton Village,end_of_day_food,end_of_day_food,OKAN Brixton Village,"39, Brixton Village, Coldharbour Ln, London",SW9 8PS,Japanese restaurant,email,info@okanlondon.com,info@okanlondon.com,,,https://www.facebook.com/341113216403896,,+44 20 7326 1180,landline,https://okanlondon.com/,https://maps.google.com/?cid=17296486742444635576&g_mp=Cidnb29nbGUubWFwcy5wbGFjZXMudjEuUGxhY2VzLlNlYXJjaFRleHQQAhgEIAA,ChIJS1f5qmgEdkgRuHWqMQ13CfA
Brixton Village,end_of_day_food,end_of_day_food,PARISSI,"76 Atlantic Rd, London",SW9 8PX,Cafe,email,info@parissi.co.uk,info@parissi.co.uk,,https://www.instagram.com/parissi_london,http://www.facebook.com/parissi.co.uk,,+44 20 7924 9022,landline,https://www.parissi.co.uk/,https://maps.google.com/?cid=10559249908428148797&g_mp=Cidnb29nbGUubWFwcy5wbGFjZXMudjEuUGxhY2VzLlNlYXJjaFRleHQQAhgEIAA,ChIJn3ZmNG8EdkgRPZBvrtj9iZI
Brixton Village,end_of_day_food,end_of_day_food,Pizzarova - Pop Brixton,"Pop Brixton, 49 Brixton Station Rd, London",SW9 8PQ,Pizza restaurant,email,gloucesterroad@pizzarova.com,gloucesterroad@pizzarova.com,,https://www.instagram.com/pizzarova,https://www.facebook.com/pizzarova,,+44 20 3778 2448,landline,https://www.pizzarova.com/locations/brixton/,https://maps.google.com/?cid=1831300834529435992&g_mp=Cidnb29nbGUubWFwcy5wbGFjZXMudjEuUGxhY2VzLlNlYXJjaFRleHQQAhgEIAA,ChIJnetLc24FdkgRWOEAB2gWahk
Brixton Village,end_of_day_food,end_of_day_food,Rock Steady Eddie's London,"2a Coldharbour Ln, London",SE5 9PR,Cafe,walk_in,https://maps.google.com/?cid=654780959796382521&g_mp=Cidnb29nbGUubWFwcy5wbGFjZXMudjEuUGxhY2VzLlNlYXJjaFRleHQQAhgEIAA,,,,,,+44 20 7326 0621,landline,,https://maps.google.com/?cid=654780959796382521&g_mp=Cidnb29nbGUubWFwcy5wbGFjZXMudjEuUGxhY2VzLlNlYXJjaFRleHQQAhgEIAA,ChIJK2K-DoADdkgROUtaUtA_Fgk
Brixton Village,end_of_day_food,end_of_day_food,Sarava Creperie Bar & Cafe,"41-42, Market, Brixton Village, Coldharbour Ln, London",SW9 8PS,Dessert shop,instagram_dm,https://www.instagram.com/saravabrixton,,,https://www.instagram.com/saravabrixton,,https://wa.me/447909485431,+44 7909 485431,mobile,https://www.instagram.com/saravabrixton/,https://maps.google.com/?cid=717457641744046024&g_mp=Cidnb29nbGUubWFwcy5wbGFjZXMudjEuUGxhY2VzLlNlYXJjaFRleHQQAhgEIAA,ChIJJfRNomgEdkgRyBeLhezr9Ak
Brixton Village,end_of_day_food,end_of_day_food,Sendero Specialty Coffee Brixton,"1 Atlantic Rd, London",SW9 8HX,Coffee shop,instagram_dm,https://instagram.com/senderocoffee,,,https://instagram.com/senderocoffee,https://facebook.com/senderocoffee,,,none,http://www.sendero-coffee.com/,https://maps.google.com/?cid=14978804810539747394&g_mp=Cidnb29nbGUubWFwcy5wbGFjZXMudjEuUGxhY2VzLlNlYXJjaFRleHQQAhgEIAA,ChIJdRyTKQ0FdkgRQkgiNJ1n388
Brixton Village,end_of_day_food,end_of_day_food,Spice & Nice Bakery,"8A Coldharbour Ln, London",SE5 9PR,Bakery,walk_in,https://maps.google.com/?cid=16359198211671053884&g_mp=Cidnb29nbGUubWFwcy5wbGFjZXMudjEuUGxhY2VzLlNlYXJjaFRleHQQAhgEIAA,,,,,,+44 20 7733 2283,landline,,https://maps.google.com/?cid=16359198211671053884&g_mp=Cidnb29nbGUubWFwcy5wbGFjZXMudjEuUGxhY2VzLlNlYXJjaFRleHQQAhgEIAA,ChIJGYo2CoADdkgRPNbbSBmMB-M
Brixton Village,end_of_day_food,end_of_day_food,The Bread Of Life,"19 Coldharbour Ln, London",SE5 9NR,Restaurant,email,syl_bolb@hotmail.co.uk,syl_bolb@hotmail.co.uk,,,https://www.facebook.com/pages,,+44 20 7274 9632,landline,http://thebreadoflife.co.uk/,https://maps.google.com/?cid=2882986856863227180&g_mp=Cidnb29nbGUubWFwcy5wbGFjZXMudjEuUGxhY2VzLlNlYXJjaFRleHQQAhgEIAA,ChIJn91af4ADdkgRLN1zh0VtAig
Brixton Village,end_of_day_food,end_of_day_food,The Travel Caffé,"228 Coldharbour Ln, London",SW9 8SD,Coffee shop,instagram_dm,https://www.instagram.com/thetravelcaffebrixton,,,https://www.instagram.com/thetravelcaffebrixton,,https://wa.me/447932027488,+44 7932 027488,mobile,http://www.thetravelcaffe.uk/,https://maps.google.com/?cid=6991558691093839087&g_mp=Cidnb29nbGUubWFwcy5wbGFjZXMudjEuUGxhY2VzLlNlYXJjaFRleHQQAhgEIAA,ChIJ-9VzxRkFdkgR73zxMJYBB2E
Brixton Village,end_of_day_food,end_of_day_food,Viv’s Coffee,"198 Coldharbour Ln, London",SE5 9QH,Coffee shop,instagram_dm,https://www.instagram.com/vivs.coffee/,,,https://www.instagram.com/vivs.coffee/,,,,none,,https://maps.google.com/?cid=12375349436284671568&g_mp=Cidnb29nbGUubWFwcy5wbGFjZXMudjEuUGxhY2VzLlNlYXJjaFRleHQQAhgEIAA,ChIJD1U3GgAFdkgRUBYUsb4Svqs
Brixton Village,end_of_day_food,end_of_day_food,Whole Beast,"336 Coldharbour Ln, London",SW9 8QH,Restaurant,email,pleasedtomeatyou@wholebeast.co.uk,pleasedtomeatyou@wholebeast.co.uk,,https://www.instagram.com/wholebeast,,https://wa.me/447852401870,+44 7852 401870,mobile,https://www.wholebeast.co.uk/,https://maps.google.com/?cid=8984105571487541344&g_mp=Cidnb29nbGUubWFwcy5wbGFjZXMudjEuUGxhY2VzLlNlYXJjaFRleHQQAhgEIAA,ChIJ-_EH5IAFdkgRYGgf3Wr0rXw
Clapham Old Town,curated_object,flowers,Birksen,"40 Old Town, London",SW4 0LB,Florist,email,hello@birksen.com,hello@birksen.com,,https://www.instagram.com/flowersbybirksen/,https://www.facebook.com/119286758123320,,+44 20 7622 6466,landline,http://birksen.com/,https://maps.google.com/?cid=13071399000373752615&g_mp=Cidnb29nbGUubWFwcy5wbGFjZXMudjEuUGxhY2VzLlNlYXJjaFRleHQQAhgEIAA,ChIJScg6P60FdkgRJ3OstiLwZrU
Clapham Old Town,curated_object,books,ChocoLit,"14 Old Town, London",SW4 0JY,Book store,email,chocolitsw4@gmail.com,chocolitsw4@gmail.com,,,,,,none,http://www.chocolit.co.uk/,https://maps.google.com/?cid=4172618549432964826&g_mp=Cidnb29nbGUubWFwcy5wbGFjZXMudjEuUGxhY2VzLlNlYXJjaFRleHQQAhgEIAA,ChIJT-aLK68FdkgR2lYolnYe6Dk
Clapham Old Town,curated_object,books,Clapham Books,"26 The Pavement, London",SW4 0JA,Book store,email,shop@claphambooks.com,shop@claphambooks.com,,,,,+44 20 7627 2797,landline,http://www.claphambooks.com/,https://maps.google.com/?cid=8664472800064920082&g_mp=Cidnb29nbGUubWFwcy5wbGFjZXMudjEuUGxhY2VzLlNlYXJjaFRleHQQAhgEIAA,ChIJkT9wA1IEdkgRElrn9RpkPng
Clapham Old Town,curated_object,fashion,Oliver Bonas,"23 The Pavement, London",SW4 0JA,Clothing store,facebook_dm,https://www.facebook.com/850362385062243,,melhardt.monika@gmail.com,,https://www.facebook.com/850362385062243,,+44 20 7720 8272,landline,https://www.oliverbonas.com/clapham?utm_source=google&utm_medium=organic&utm_campaign=LPM-London-23_The_Pavement,https://maps.google.com/?cid=2914465177183270825&g_mp=Cidnb29nbGUubWFwcy5wbGFjZXMudjEuUGxhY2VzLlNlYXJjaFRleHQQAhgEIAA,ChIJO9FVVk0EdkgRqTdBHKNCcig
Clapham Old Town,curated_object,charity,Wandsworth Oasis,"45 Old Town, London",SW4 0JL,Thrift store,email,info@wandsworthoasis.org.uk,info@wandsworthoasis.org.uk,,https://www.instagram.com/wandsworth_Oasis,https://www.facebook.com/wandsworthoasis,,+44 20 3489 1019,landline,https://www.wandsworthoasis.org.uk/,https://maps.google.com/?cid=13494796220700420071&g_mp=Cidnb29nbGUubWFwcy5wbGFjZXMudjEuUGxhY2VzLlNlYXJjaFRleHQQAhgEIAA,ChIJ2Y96M60FdkgR5-chC6olR7s
Clapham Old Town,empty_chair,empty_chair,Anesis Spa,"14 The Pavement, London",SW4 0HY,Spa,walk_in,https://maps.google.com/?cid=1024032189324255134&g_mp=Cidnb29nbGUubWFwcy5wbGFjZXMudjEuUGxhY2VzLlNlYXJjaFRleHQQAhgEIAA,,,,,,,none,,https://maps.google.com/?cid=1024032189324255134&g_mp=Cidnb29nbGUubWFwcy5wbGFjZXMudjEuUGxhY2VzLlNlYXJjaFRleHQQAhgEIAA,ChIJjbfwYE0EdkgRnt88w9kXNg4
Clapham Old Town,empty_chair,empty_chair,Brazilian Soul Beauty - BSB,"36 Bromell's Rd, Old Town, London",SW4 0BN,Beauty salon,email,info@braziliansoulbeauty.co.uk,info@braziliansoulbeauty.co.uk,,https://www.instagram.com/braziliansoul.beauty,https://www.facebook.com/braziliansoulbeauty,,+44 20 4629 1473,landline,http://www.braziliansoulbeauty.co.uk/,https://maps.google.com/?cid=15887946125425913905&g_mp=Cidnb29nbGUubWFwcy5wbGFjZXMudjEuUGxhY2VzLlNlYXJjaFRleHQQAhgEIAA,ChIJK8FVwFkEdkgRMTCOuNJSfdw
Clapham Old Town,empty_chair,empty_chair,Hurly Burly,"13 The Pavement, London",SW4 0HY,Hair salon,email,witcheshut@gmail.com,witcheshut@gmail.com,,https://www.instagram.com/hurlyburlysalon,https://www.facebook.com/hurlyburlysalon,,+44 20 7720 3666,landline,http://hurlyburly.co.uk/,https://maps.google.com/?cid=11133703922146260358&g_mp=Cidnb29nbGUubWFwcy5wbGFjZXMudjEuUGxhY2VzLlNlYXJjaFRleHQQAhgEIAA,ChIJya_EXE0EdkgRhrXmcbrcgpo
Clapham Old Town,empty_chair,empty_chair,IMAGES London,"7 The Pavement, London",SW4 0HY,Beauty salon,email,kc@images-beauty.co.uk,kc@images-beauty.co.uk,,https://www.instagram.com/imageslondon_,https://www.facebook.com/ImagesLondon,,+44 20 7622 8711,landline,http://images-beauty.co.uk/,https://maps.google.com/?cid=7989506498088778741&g_mp=Cidnb29nbGUubWFwcy5wbGFjZXMudjEuUGxhY2VzLlNlYXJjaFRleHQQAhgEIAA,ChIJAwTPZU0EdkgR9btBbdRt4G4
Clapham Old Town,empty_chair,empty_chair,Old Town Traditional Barbers,"Sycamore, 8 Old Town, London",SW4 0JY,Barber shop,whatsapp,https://wa.me/447940170425,,,,,https://wa.me/447940170425,+44 7940 170425,mobile,http://oldtowntraditionalbarbers.com/,https://maps.google.com/?cid=15149487572172015272&g_mp=Cidnb29nbGUubWFwcy5wbGFjZXMudjEuUGxhY2VzLlNlYXJjaFRleHQQAhgEIAA,ChIJtexwHwUFdkgRqAaCdK7KPdI
Clapham Old Town,empty_chair,empty_chair,Sugar Cane Salon,"5 Old Town, London",SW4 0JT,Beauty salon,email,contact@sugarcanesalon.com,contact@sugarcanesalon.com,,,,,+44 20 7978 1910,landline,http://www.sugarcanesalon.com/,https://maps.google.com/?cid=12398467895316972858&g_mp=Cidnb29nbGUubWFwcy5wbGFjZXMudjEuUGxhY2VzLlNlYXJjaFRleHQQAhgEIAA,ChIJFWJc7FQDdkgROgV0Y9w0EKw
Clapham Old Town,empty_chair,empty_chair,Tribe Clapham,"11 The Pavement, London",SW4 0HY,Hair salon,email,chislehurst@tribesalons.co.uk,chislehurst@tribesalons.co.uk,,https://www.instagram.com/tribesalons,https://www.facebook.com/tribesalons,,+44 20 7498 7771,landline,http://www.tribesalons.co.uk/,https://maps.google.com/?cid=6053394794776906685&g_mp=Cidnb29nbGUubWFwcy5wbGFjZXMudjEuUGxhY2VzLlNlYXJjaFRleHQQAhgEIAA,ChIJGY1QXU0EdkgRvUvgW376AVQ
Clapham Old Town,end_of_day_food,end_of_day_food,Blank Street Coffee,"3 The Pavement, London",SW4 0HY,Coffee shop,instagram_dm,https://instagram.com/blankstreet,,hey@blankstreet.com,https://instagram.com/blankstreet,https://www.facebook.com/100892149441050,,,none,https://www.blankstreet.com/,https://maps.google.com/?cid=11560842186787424545&g_mp=Cidnb29nbGUubWFwcy5wbGFjZXMudjEuUGxhY2VzLlNlYXJjaFRleHQQAhgEIAA,ChIJYX5JeD4FdkgRIYnQh7dccKA
Clapham Old Town,end_of_day_food,end_of_day_food,Brew & Barrel,"36A Old Town, London",SW4 0LB,Brunch restaurant,email,admin@brewandbarrel.co.uk,admin@brewandbarrel.co.uk,,,,https://wa.me/447872317846,+44 7872 317846,mobile,https://www.brewandbarrelsw4.com/,https://maps.google.com/?cid=18107529001464326227&g_mp=Cidnb29nbGUubWFwcy5wbGFjZXMudjEuUGxhY2VzLlNlYXJjaFRleHQQAhgEIAA,ChIJlURGVFYFdkgRU2hdZLDdSvs
Clapham Old Town,end_of_day_food,end_of_day_food,Buddy's Bakery,"M Moen & Sons, 25 The Pavement, London",SW4 0JA,Bakery,instagram_dm,https://www.instagram.com/buddys_deli_bakery,,,https://www.instagram.com/buddys_deli_bakery,,https://wa.me/447872317846,+44 7872 317846,mobile,https://www.instagram.com/buddys_deli_bakery?igsh=NHRvOHVlandkY2Mz,https://maps.google.com/?cid=1056402409455524767&g_mp=Cidnb29nbGUubWFwcy5wbGFjZXMudjEuUGxhY2VzLlNlYXJjaFRleHQQAhgEIAA,ChIJQ9WYHUEFdkgRn5t282QYqQ4
Clapham Old Town,end_of_day_food,end_of_day_food,Common,"Common Cafe, 17 The Pavement, London",SW4 0HY,Cafe,email,info@wearecommon.co.uk,info@wearecommon.co.uk,,https://www.instagram.com/commonclapham,https://facebook.com/Commonclapham,https://wa.me/447342968459,+44 7342 968459,mobile,http://www.commonclapham.com/,https://maps.google.com/?cid=3852881201061262255&g_mp=Cidnb29nbGUubWFwcy5wbGFjZXMudjEuUGxhY2VzLlNlYXJjaFRleHQQAhgEIAA,ChIJs2RUpO0FdkgRr3MJ9wkveDU
Clapham Old Town,end_of_day_food,end_of_day_food,GAIL's Bakery Clapham Old Town,"10-12 Old Town, London",SW4 0JY,Bakery,walk_in,https://maps.google.com/?cid=13947443406459499905&g_mp=Cidnb29nbGUubWFwcy5wbGFjZXMudjEuUGxhY2VzLlNlYXJjaFRleHQQAhgEIAA,,marketing@gailsbread.co.uk,,,,+44 20 4546 8137,landline,https://gails.com/pages/clapham-old-town,https://maps.google.com/?cid=13947443406459499905&g_mp=Cidnb29nbGUubWFwcy5wbGFjZXMudjEuUGxhY2VzLlNlYXJjaFRleHQQAhgEIAA,ChIJScceJq0FdkgRgfXhpuFFj8E
Clapham Old Town,end_of_day_food,end_of_day_food,Lane Eight Coffee,"6 The Pavement, London",SW4 0HY,Coffee shop,email,hello@laneeightcoffee.com,hello@laneeightcoffee.com,,,,,,none,https://www.laneeightcoffee.com/,https://maps.google.com/?cid=11647854525819150323&g_mp=Cidnb29nbGUubWFwcy5wbGFjZXMudjEuUGxhY2VzLlNlYXJjaFRleHQQAhgEIAA,ChIJERyylxkFdkgR81_gbvp9paE
Clapham Old Town,end_of_day_food,end_of_day_food,Lina Stores Clapham - Italian Restaurant,"22 The Pavement, London",SW4 0HY,Italian restaurant,email,einar@linastores.co.uk,einar@linastores.co.uk,,https://www.instagram.com/linastores,https://www.facebook.com/linastores,,+44 20 3326 5548,landline,https://www.linastores.co.uk/,https://maps.google.com/?cid=4577595655664726025&g_mp=Cidnb29nbGUubWFwcy5wbGFjZXMudjEuUGxhY2VzLlNlYXJjaFRleHQQAhgEIAA,ChIJaSqVVPcFdkgRCXBE5f7ihj8
Clapham Old Town,end_of_day_food,end_of_day_food,M.Moen & Sons,"24 The Pavement, London",SW4 0JA,Butcher shop,email,orders@moen.co.uk,orders@moen.co.uk,,https://www.instagram.com/moenandsons,https://www.facebook.com/M.MoenandSons,,+44 20 7622 1626,landline,http://moen.co.uk/,https://maps.google.com/?cid=4780367957888662410&g_mp=Cidnb29nbGUubWFwcy5wbGFjZXMudjEuUGxhY2VzLlNlYXJjaFRleHQQAhgEIAA,ChIJ-fU8Vk0EdkgRivuciVRHV0I
Clapham Old Town,end_of_day_food,end_of_day_food,Margot Green,"34-36 Old Town, London",SW4 0LB,Restaurant,instagram_dm,https://www.instagram.com/daisygreencollection,,prue@daisygreenfood.com,https://www.instagram.com/daisygreencollection,https://www.facebook.com/daisygreencollection,,+44 20 3822 0086,landline,https://www.daisygreenfood.com/location-margot,https://maps.google.com/?cid=17829559713023007961&g_mp=Cidnb29nbGUubWFwcy5wbGFjZXMudjEuUGxhY2VzLlNlYXJjaFRleHQQAhgEIAA,ChIJCf4S200FdkgR2RxaDBhSb_c
Clapham Old Town,end_of_day_food,end_of_day_food,Megan's Clapham Old Town Restaurant (Clapham),"55-57 The Pavement, London",SW4 0JQ,Mediterranean restaurant,email,sercan@megans.co.uk,sercan@megans.co.uk,,https://instagram.com/megansrestaurants,https://www.facebook.com/1827134877590043,,+44 20 3468 0215,landline,https://megans.co.uk/locations/megans-clapham/,https://maps.google.com/?cid=15342731249951446317&g_mp=Cidnb29nbGUubWFwcy5wbGFjZXMudjEuUGxhY2VzLlNlYXJjaFRleHQQAhgEIAA,ChIJCdydQTwFdkgRLRWkVchU7NQ
Clapham Old Town,end_of_day_food,end_of_day_food,Minnow Clapham,"The Pavement Cafe, 21 The Pavement, London",SW4 0HY,Restaurant,email,info@minnowclapham.co.uk,info@minnowclapham.co.uk,,https://www.instagram.com/minnowclapham,https://www.facebook.com/minnowclapham,,+44 20 7720 4105,landline,https://minnowclapham.co.uk/?utm_source=google&utm_medium=maps,https://maps.google.com/?cid=16250508437991327017&g_mp=Cidnb29nbGUubWFwcy5wbGFjZXMudjEuUGxhY2VzLlNlYXJjaFRleHQQAhgEIAA,ChIJxcdQV00EdkgRKQX2UVNnheE
Clapham Old Town,end_of_day_food,end_of_day_food,Reyes Coffee & Brunch,"6 Old Town, London",SW4 0JY,Coffee shop,instagram_dm,https://www.instagram.com/reyes_coffeebrunch/,,,https://www.instagram.com/reyes_coffeebrunch/,,,+44 20 8127 6860,landline,,https://maps.google.com/?cid=14138843919553978302&g_mp=Cidnb29nbGUubWFwcy5wbGFjZXMudjEuUGxhY2VzLlNlYXJjaFRleHQQAhgEIAA,ChIJYxBA63oFdkgRvt-0T6JDN8Q
Clapham Old Town,end_of_day_food,end_of_day_food,Rudy's Pizza Napoletana - Clapham Common,"15 The Pavement, London",SW4 0HY,Pizza restaurant,email,hannahmay@rudyspizza.co.uk,hannahmay@rudyspizza.co.uk,,,https://www.facebook.com/1522360067987426,,+44 20 8165 9965,landline,https://www.rudyspizza.co.uk/location/clapham-common/,https://maps.google.com/?cid=3952507130490733437&g_mp=Cidnb29nbGUubWFwcy5wbGFjZXMudjEuUGxhY2VzLlNlYXJjaFRleHQQAhgEIAA,ChIJjQyBfWUFdkgRfUMZPUsg2jY
Clapham Old Town,end_of_day_food,end_of_day_food,Slab City Pizza,"8 The Pavement, London",SW4 0HY,Pizza restaurant,instagram_dm,https://www.instagram.com/slabcitypizza,,,https://www.instagram.com/slabcitypizza,https://www.facebook.com/people/Slab-City-Pizza/100087836148792,,+44 20 3340 8491,landline,https://www.slabcitypizza.co.uk/,https://maps.google.com/?cid=12035719844078088427&g_mp=Cidnb29nbGUubWFwcy5wbGFjZXMudjEuUGxhY2VzLlNlYXJjaFRleHQQAhgEIAA,ChIJ0x8b0F8FdkgR6_BkIm53B6c
Clapham High Street,curated_object,fashion,Lark Clapham,"127 Clapham High St, London",SW4 7SS,Gift shop,email,hello@larklondon.com,hello@larklondon.com,,,,,+44 20 7627 0482,landline,http://www.larklondon.com/,https://maps.google.com/?cid=12269681052032583611&g_mp=Cidnb29nbGUubWFwcy5wbGFjZXMudjEuUGxhY2VzLlNlYXJjaFRleHQQAhgEIAA,ChIJa1q3XR4FdkgRu0e-xeipRqo
Clapham High Street,curated_object,charity,Save The Children,"Bowyer House, 36 Clapham High St, London",SW4 7UR,Thrift store,instagram_dm,https://www.instagram.com/savechildrenuk,,elaineburroughs@hotmail.com,https://www.instagram.com/savechildrenuk,http://www.facebook.com/savethechildrenuk,,+44 20 7978 2542,landline,https://www.savethechildren.org.uk/,https://maps.google.com/?cid=18357713576229346041&g_mp=Cidnb29nbGUubWFwcy5wbGFjZXMudjEuUGxhY2VzLlNlYXJjaFRleHQQAhgEIAA,ChIJKXApTVAEdkgR-RqE9zuzw_4
Clapham High Street,empty_chair,empty_chair,@ Clapham Hair and Beauty,"100 Clapham High St, London",SW4 7UL,Beauty salon,email,info@claphamhairandbeauty.com,info@claphamhairandbeauty.com,,https://www.instagram.com/tl.professional,https://www.facebook.com/107161374784125,,,none,http://www.claphamhairandbeauty.com/,https://maps.google.com/?cid=16027751660808356556&g_mp=Cidnb29nbGUubWFwcy5wbGFjZXMudjEuUGxhY2VzLlNlYXJjaFRleHQQAhgEIAA,ChIJM5NPWOwFdkgRzMKogjcDbt4
Clapham High Street,empty_chair,empty_chair,Barber's Team,"Clapham Hair And Beauty, 100 Clapham High St, London",SW4 7UL,Barber shop,whatsapp,https://wa.me/447464258599,,,,,https://wa.me/447464258599,+44 7464 258599,mobile,,https://maps.google.com/?cid=2123811863086140122&g_mp=Cidnb29nbGUubWFwcy5wbGFjZXMudjEuUGxhY2VzLlNlYXJjaFRleHQQAhgEIAA,ChIJiSKsyGIFdkgR2ooCFaNLeR0
Clapham High Street,empty_chair,empty_chair,Be Styled By Chen,"100 Clapham High St, London",SW4 7UL,Hair salon,email,bestyledbychen@gmail.com,bestyledbychen@gmail.com,,,,https://wa.me/447539249351,+44 7539 249351,mobile,http://www.bestyledbychen.com/,https://maps.google.com/?cid=2296400580842356187&g_mp=Cidnb29nbGUubWFwcy5wbGFjZXMudjEuUGxhY2VzLlNlYXJjaFRleHQQAhgEIAA,ChIJbbAoTvAFdkgR2_0bUyl03h8
Clapham High Street,empty_chair,empty_chair,Beyond The Brush Ldn By Monique,"100 Clapham High St, London",SW4 7UL,Hair salon,email,beyondthebrushldn@outlook.com,beyondthebrushldn@outlook.com,,,,https://wa.me/447882937810,+44 7882 937810,mobile,https://www.beyondthebrushldn.com/,https://maps.google.com/?cid=89959042898320902&g_mp=Cidnb29nbGUubWFwcy5wbGFjZXMudjEuUGxhY2VzLlNlYXJjaFRleHQQAhgEIAA,ChIJ4Xsi1hcFdkgRBt5J3EWZPwE
Clapham High Street,empty_chair,empty_chair,Clapham Barbers,"128 Clapham High St, London",SW4 7UH,Barber shop,email,info@claphambarbers.co.uk,info@claphambarbers.co.uk,,https://www.instagram.com/claphambarbers,https://www.facebook.com/Claphambarbers,,+44 20 3536 2452,landline,https://www.claphambarbers.co.uk/,https://maps.google.com/?cid=6677642515847863168&g_mp=Cidnb29nbGUubWFwcy5wbGFjZXMudjEuUGxhY2VzLlNlYXJjaFRleHQQAhgEIAA,ChIJfXRHBFIEdkgRgFsoDn3Aq1w
Clapham High Street,empty_chair,empty_chair,Danugur Clapham/Stockwell,"Light Centre, 151-153 Clapham High St, London",SW4 7SS,Skin care clinic,email,info@danugur.co.uk,info@danugur.co.uk,,,https://www.facebook.com/DanugurGrooming,https://wa.me/447552827154,+44 7552 827154,mobile,https://www.danugur.co.uk/,https://maps.google.com/?cid=4595586778213781173&g_mp=Cidnb29nbGUubWFwcy5wbGFjZXMudjEuUGxhY2VzLlNlYXJjaFRleHQQAhgEIAA,ChIJn4e12SgFdkgRtQ7qidPNxj8
Clapham High Street,empty_chair,empty_chair,Headmasters Clapham High Street,"96 Clapham High St, London",SW4 7UL,Hair salon,facebook_dm,https://www.facebook.com/HeadmastersUK,,marketing@headmasters.com,,https://www.facebook.com/HeadmastersUK,,+44 345 459 7751,landline,https://www.headmasters.com/find-a-salon/clapham-high-street,https://maps.google.com/?cid=9405711533884948699&g_mp=Cidnb29nbGUubWFwcy5wbGFjZXMudjEuUGxhY2VzLlNlYXJjaFRleHQQAhgEIAA,ChIJr2s56lEEdkgR28ABdc7Mh4I
Clapham High Street,empty_chair,empty_chair,KC Nails & Beauty,"138 Clapham High St, London",SW4 7UH,Nail salon,instagram_dm,https://www.instagram.com/kcnailsbeauty_london/,,,https://www.instagram.com/kcnailsbeauty_london/,,,+44 20 7627 3211,landline,,https://maps.google.com/?cid=18288073825735522612&g_mp=Cidnb29nbGUubWFwcy5wbGFjZXMudjEuUGxhY2VzLlNlYXJjaFRleHQQAhgEIAA,ChIJcUz1OQcFdkgRNLkVCUBKzP0
Clapham High Street,empty_chair,empty_chair,Nails First,"Hansford Building 11a, Unit 1 Bedford Rd, Clapham High St, London",SW4 7SH,Nail salon,facebook_dm,https://www.facebook.com/AmberBeautyMy,,desirees@live.co.uk,,https://www.facebook.com/AmberBeautyMy,,+44 20 3759 7093,landline,https://widget.treatwell.co.uk/place/nails-first-1/,https://maps.google.com/?cid=11813572459815470093&g_mp=Cidnb29nbGUubWFwcy5wbGFjZXMudjEuUGxhY2VzLlNlYXJjaFRleHQQAhgEIAA,ChIJY4DkNvoFdkgRDYSjq4898qM
Clapham High Street,empty_chair,empty_chair,Q For Hair,"3 Clapham High St, London",SW4 7TS,Barber shop,walk_in,https://maps.google.com/?cid=13518981418190334671&g_mp=Cidnb29nbGUubWFwcy5wbGFjZXMudjEuUGxhY2VzLlNlYXJjaFRleHQQAhgEIAA,,,,,,+44 20 7627 2306,landline,,https://maps.google.com/?cid=13518981418190334671&g_mp=Cidnb29nbGUubWFwcy5wbGFjZXMudjEuUGxhY2VzLlNlYXJjaFRleHQQAhgEIAA,ChIJUdbgh1AEdkgRz2pXJPkRnbs
Clapham High Street,empty_chair,empty_chair,Renesa barbers,"118 Clapham High St, London",SW4 7UH,Barber shop,walk_in,https://maps.google.com/?cid=15330020561951144943&g_mp=Cidnb29nbGUubWFwcy5wbGFjZXMudjEuUGxhY2VzLlNlYXJjaFRleHQQAhgEIAA,,,,,,+44 20 3011 1178,landline,,https://maps.google.com/?cid=15330020561951144943&g_mp=Cidnb29nbGUubWFwcy5wbGFjZXMudjEuUGxhY2VzLlNlYXJjaFRleHQQAhgEIAA,ChIJkwP8HQAFdkgR7zuIqnosv9Q
Clapham High Street,empty_chair,empty_chair,Renewable Barbers,"118 Clapham High St, London",SW4 7UH,Barber shop,whatsapp,https://wa.me/447477777177,,,,,https://wa.me/447477777177,+44 7477 777177,mobile,,https://maps.google.com/?cid=8136766294539504442&g_mp=Cidnb29nbGUubWFwcy5wbGFjZXMudjEuUGxhY2VzLlNlYXJjaFRleHQQAhgEIAA,ChIJDYY4cwAFdkgROgtmntWZ63A
Clapham High Street,empty_chair,empty_chair,SW4 BARBERS,"6 Clapham High St, London",SW4 7UT,Barber shop,email,sw4barbers@yahoo.com,sw4barbers@yahoo.com,,,,,+44 20 8127 6280,landline,https://sw4barbers.co.uk/,https://maps.google.com/?cid=4086216172838347320&g_mp=Cidnb29nbGUubWFwcy5wbGFjZXMudjEuUGxhY2VzLlNlYXJjaFRleHQQAhgEIAA,ChIJWW4-MIAFdkgROGJ8ofUntTg
Clapham High Street,empty_chair,empty_chair,So Me Beauty & Wellness (Clapham North),"21 Clapham High St, London",SW4 7TR,Beauty salon,instagram_dm,https://www.instagram.com/so_mebeauty,,info@so.me,https://www.instagram.com/so_mebeauty,https://www.facebook.com/SoMeBeautyWellness,,+44 20 7720 3330,landline,http://so.me/,https://maps.google.com/?cid=9871778432290714161&g_mp=Cidnb29nbGUubWFwcy5wbGFjZXMudjEuUGxhY2VzLlNlYXJjaFRleHQQAhgEIAA,ChIJ6wxjQ1AEdkgRMfIMZi6a_4g
Clapham High Street,empty_chair,empty_chair,"Townhouse Nail Salon, Clapham","107 Clapham High St, London",SW4 7TB,Beauty salon,instagram_dm,https://www.instagram.com/mytownhouseuk,,saneilson@googlemail.com,https://www.instagram.com/mytownhouseuk,https://www.facebook.com/mytownhouseuk,,+44 20 7947 0100,landline,https://townhouse.co.uk/?utm_content=Townhouse%20Clapham%20-%20London&utm_campaign=london&utm_medium=organic_gbp&utm_source=google&utm_term=plcid_15627691894108802149,https://maps.google.com/?cid=18313394770798571512&g_mp=Cidnb29nbGUubWFwcy5wbGFjZXMudjEuUGxhY2VzLlNlYXJjaFRleHQQAhgEIAA,ChIJxW9WjLsFdkgR-O_x-IM_Jv4
Clapham High Street,empty_chair,empty_chair,Venus Barbers,"105A Clapham High St, London",SW4 7TB,Barber shop,email,venusbarbersclapham@yahoo.com,venusbarbersclapham@yahoo.com,,https://www.instagram.com/venus.barbers,,,+44 20 7627 1477,landline,https://venusbarbersclapham.co.uk/,https://maps.google.com/?cid=468460920459916816&g_mp=Cidnb29nbGUubWFwcy5wbGFjZXMudjEuUGxhY2VzLlNlYXJjaFRleHQQAhgEIAA,ChIJxQ_1h00EdkgREHYqo7lOgAY
Clapham High Street,end_of_day_food,end_of_day_food,Black Sheep Coffee,"155-157 Clapham High St, London",SW4 7SS,Food store,instagram_dm,https://www.instagram.com/black_sheep_coffee,,orders@leavetheherdbehind.com,https://www.instagram.com/black_sheep_coffee,,,+44 20 3988 6994,landline,https://blacksheepcoffee.co.uk/blogs/locations/clapham-high-street,https://maps.google.com/?cid=574290489125612098&g_mp=Cidnb29nbGUubWFwcy5wbGFjZXMudjEuUGxhY2VzLlNlYXJjaFRleHQQAhgEIAA,ChIJNfdMJXYFdkgRQqo3OihK-Ac
Clapham High Street,end_of_day_food,end_of_day_food,Cafe House London,"19A Clapham High St, London",SW4 7TS,Cafe,walk_in,https://maps.google.com/?cid=16709653796599898682&g_mp=Cidnb29nbGUubWFwcy5wbGFjZXMudjEuUGxhY2VzLlNlYXJjaFRleHQQAhgEIAA,,,,,,+44 20 3620 4653,landline,,https://maps.google.com/?cid=16709653796599898682&g_mp=Cidnb29nbGUubWFwcy5wbGFjZXMudjEuUGxhY2VzLlNlYXJjaFRleHQQAhgEIAA,ChIJkU-AwlgEdkgROiIYspid5Oc
Clapham High Street,end_of_day_food,end_of_day_food,Fireaway Clapham,"82 Clapham High St, London",SW4 7UL,Pizza restaurant,instagram_dm,https://www.instagram.com/fireawaypizza,,clive@fireaway.co.uk,https://www.instagram.com/fireawaypizza,https://www.facebook.com/fireawaypizza,,+44 20 3342 0838,landline,https://fireaway.co.uk/,https://maps.google.com/?cid=3918714550830396986&g_mp=Cidnb29nbGUubWFwcy5wbGFjZXMudjEuUGxhY2VzLlNlYXJjaFRleHQQAhgEIAA,ChIJF7rG8mYFdkgROnZmKh8SYjY
Clapham High Street,end_of_day_food,end_of_day_food,La Rueda Italian Social House,"66 Clapham High St, London",SW4 7UL,Italian restaurant,email,mktlarueda@gmail.com,mktlarueda@gmail.com,,https://instagram.com/larueda_clapham,,,+44 20 7627 2173,landline,https://www.laruedaclapham.co.uk/,https://maps.google.com/?cid=4018554343742793030&g_mp=Cidnb29nbGUubWFwcy5wbGFjZXMudjEuUGxhY2VzLlNlYXJjaFRleHQQAhgEIAA,ChIJV_qOwFEEdkgRRmVkaeLFxDc
Clapham High Street,end_of_day_food,end_of_day_food,Olives + Meze Takeaway,"131 Clapham High St, London",SW4 7SS,Mediterranean restaurant,email,contact@olivesandmeze.co.uk,contact@olivesandmeze.co.uk,,https://www.instagram.com/olivesandmeze,https://www.facebook.com/olivesandmeze,,+44 20 3583 7790,landline,http://www.olivesandmeze.co.uk/,https://maps.google.com/?cid=924054579939923890&g_mp=Cidnb29nbGUubWFwcy5wbGFjZXMudjEuUGxhY2VzLlNlYXJjaFRleHQQAhgEIAA,ChIJM4jpB1IEdkgRsldknr7m0gw
Clapham High Street,end_of_day_food,end_of_day_food,Soul Lounge,"76 Clapham High St, London",SW4 7UL,Restaurant,email,soulloungeldn@gmail.com,soulloungeldn@gmail.com,,https://instagram.com/squarespace,,https://wa.me/447914687983,+44 7914 687983,mobile,https://www.soulloungeldn.com/,https://maps.google.com/?cid=15940283514585728761&g_mp=Cidnb29nbGUubWFwcy5wbGFjZXMudjEuUGxhY2VzLlNlYXJjaFRleHQQAhgEIAA,ChIJ8bKMDxYFdkgR-cbluWZDN90
Clapham High Street,end_of_day_food,end_of_day_food,Tonkotsu Clapham,"153 Clapham High St, London",SW4 7SS,Restaurant,facebook_dm,https://www.facebook.com/TonkotsuBarRamen,,lukasz@tonkotsu.co.uk,,https://www.facebook.com/TonkotsuBarRamen,,+44 20 3475 2692,landline,https://tonkotsu.co.uk/locations/clapham/?keyword?utm_source=google,https://maps.google.com/?cid=16336675548047898487&g_mp=Cidnb29nbGUubWFwcy5wbGFjZXMudjEuUGxhY2VzLlNlYXJjaFRleHQQAhgEIAA,ChIJ_8cEL6AFdkgRd3c0BNuHt-I
Clapham High Street,end_of_day_food,end_of_day_food,Wingstop Clapham,"169 Clapham High St, London",SW4 7SS,Chicken wings restaurant,facebook_dm,http://www.facebook.com/wingstop-uk-125031431498410,,a.rubens93@googlemail.com,,http://www.facebook.com/wingstop-uk-125031431498410,,+44 20 3603 2782,landline,https://www.wingstop.co.uk/?y_source=1_MTA0NTA2NDA0MS03MTUtbG9jYXRpb24ud2Vic2l0ZQ%3D%3D,https://maps.google.com/?cid=4304749520041634709&g_mp=Cidnb29nbGUubWFwcy5wbGFjZXMudjEuUGxhY2VzLlNlYXJjaFRleHQQAhgEIAA,ChIJE34OxkMFdkgRlWsdheGKvTs
