cluster,mechanic,track,name,address,postcode,street,website,phone,email,email_alt,email_quality,already_contacted,type,rating,reviews,note,placeId,googleMapsUri
Crystal Palace,curated_object,books,Bookseller Crow On The Hill,"50 Westow St, London",SE19 3AF,Westow St,http://www.booksellercrow.co.uk/,+44 20 8771 8831,jonathan@booksellercrow.co.uk,scribblingcrow@hotmail.com,ok,no,Book store,4.7,136,,ChIJs_lkhU8BdkgRf-DOG4mUR_w,https://maps.google.com/?cid=18178661737502269567&g_mp=Cidnb29nbGUubWFwcy5wbGFjZXMudjEuUGxhY2VzLlNlYXJjaFRleHQQAhgEIAA
Crystal Palace,curated_object,fashion,Coconut Trading Ltd,"68 Church Rd, London",SE19 2EZ,Church Rd,,+44 20 8771 0700,,,no_website,no,Gift shop,5,26,,ChIJH51un0UBdkgR8wnAW9dkzIo,https://maps.google.com/?cid=10001479748603087347&g_mp=Cidnb29nbGUubWFwcy5wbGFjZXMudjEuUGxhY2VzLlNlYXJjaFRleHQQAhgEIAA
Crystal Palace,curated_object,flowers,Crystal Palace Flowers,"The Alma, 95 Church Rd, London",SE19 2TA,Church Rd,https://www.crystalpalaceflowers.co.uk/,+44 7930 348028,info@crystalpalaceflowers.co.uk,,ok,no,Florist,4.4,35,,ChIJb2wkuukBdkgRYJuhCjroe5U,https://maps.google.com/?cid=10771458269770783584&g_mp=Cidnb29nbGUubWFwcy5wbGFjZXMudjEuUGxhY2VzLlNlYXJjaFRleHQQAhgEIAA
Crystal Palace,curated_object,fashion,D Solos,"23 Church Rd, London",SE19 2TE,Church Rd,http://www.dsoloclothing.co.uk/,+44 20 8653 7585,dsoloclothing@hotmail.com,,ok,no,Clothing store,4.9,41,,ChIJ4anSDkUBdkgR4Ct0OF52BXE,https://maps.google.com/?cid=8144045648215550944&g_mp=Cidnb29nbGUubWFwcy5wbGFjZXMudjEuUGxhY2VzLlNlYXJjaFRleHQQAhgEIAA
Crystal Palace,curated_object,fashion,Elkins,"85 Church Rd, London",SE19 2TA,Church Rd,,+44 20 8771 4998,,,no_website,no,Gift shop,5,17,,ChIJVQeVnkUBdkgR56yM-tjv0IM,https://maps.google.com/?cid=9498355329319873767&g_mp=Cidnb29nbGUubWFwcy5wbGFjZXMudjEuUGxhY2VzLlNlYXJjaFRleHQQAhgEIAA
Crystal Palace,curated_object,fashion,Mary’s Vintage,"Haynes Ln, London",SE19 3AN,Haynes Ln,http://marysvintage.co.uk/,,,,none,no,Women's clothing store,,,,ChIJi-Uyo08BdkgR5qGExc50boQ,https://maps.google.com/?cid=9542693091870548454&g_mp=Cidnb29nbGUubWFwcy5wbGFjZXMudjEuUGxhY2VzLlNlYXJjaFRleHQQAhgEIAA
Crystal Palace,curated_object,fashion,Pearl rose Jewellers,"76 Church Rd, London",SE19 2EZ,Church Rd,http://pearlrosejewellers.co.uk/,+44 7904 563807,pearlrosejewellers@gmail.com,,ok,no,Jewelry store,4.8,35,,ChIJ7UYvnEUBdkgR8B5h-k4zdvw,https://maps.google.com/?cid=18191784159110831856&g_mp=Cidnb29nbGUubWFwcy5wbGFjZXMudjEuUGxhY2VzLlNlYXJjaFRleHQQAhgEIAA
Crystal Palace,curated_object,books,Sound Vinyl,"42 Church Rd, London",SE19 2EZ,Church Rd,https://www.instagram.com/sound.vinyl/,+44 7984 272851,,,none,no,Store,4.9,69,,ChIJvb1jly4BdkgR1c3ckPZCtwQ,https://maps.google.com/?cid=339813923649539541&g_mp=Cidnb29nbGUubWFwcy5wbGFjZXMudjEuUGxhY2VzLlNlYXJjaFRleHQQAhgEIAA
Crystal Palace,curated_object,fashion,The Indigo Tree,"4, Hollybush Terrace, Westow St, London",SE19 3SD,Westow St,http://www.theindigotree.com/,+44 7470 917283,,,none,no,Gift shop,4.5,29,,ChIJSQy-7U8BdkgRxR2xyz0r_ac,https://maps.google.com/?cid=12104878917852143045&g_mp=Cidnb29nbGUubWFwcy5wbGFjZXMudjEuUGxhY2VzLlNlYXJjaFRleHQQAhgEIAA
Crystal Palace,curated_object,wine,The Sourcing Table,"67 Westow Hill, London",SE19 1TS,Westow Hill,https://thesourcingtable.com/,+44 20 3551 1005,hello@thesourcingtable.com,peckham@thesourcingtable.com,ok,no,Wine bar,4.9,26,,ChIJK6gFMEUBdkgRhEH4-iLXSoE,https://maps.google.com/?cid=9316495324408725892&g_mp=Cidnb29nbGUubWFwcy5wbGFjZXMudjEuUGxhY2VzLlNlYXJjaFRleHQQAhgEIAA
Crystal Palace,curated_object,fashion,Tine Bladbjerg,"A L'Etage, 4 Westow Hill, London",SE19 1RX,Westow Hill,http://tinebladbjerg.com/,+44 20 8761 1868,tinedesign@gmail.com,,ok,no,Jewelry store,5,2,,ChIJq6q7708BdkgR6LHWiWyfUMo,https://maps.google.com/?cid=14578327282316128744&g_mp=Cidnb29nbGUubWFwcy5wbGFjZXMudjEuUGxhY2VzLlNlYXJjaFRleHQQAhgEIAA
Crystal Palace,curated_object,wine,Urban Cellar,"48 Church Rd, London",SE19 2ET,Church Rd,https://urbancellar.co.uk/,+44 20 3417 8900,info@urbancellar.co.uk,stephtabb@hotmail.co.uk,ok,no,Liquor store,4.9,72,,ChIJlTtoqUARdkgRFZWvG3BZUtc,https://maps.google.com/?cid=15515562004280481045&g_mp=Cidnb29nbGUubWFwcy5wbGFjZXMudjEuUGxhY2VzLlNlYXJjaFRleHQQAhgEIAA
Crystal Palace,empty_chair,empty_chair,Blue Tit Crystal Palace,"1 Westow Hill, London",SE19 1TQ,Westow Hill,https://bluetitlondon.com/salons/crystal-palace/,+44 20 3474 5288,steve@bluetitlondon.com,,ok,no,Hair salon,5,344,,ChIJ23_PNn8BdkgRbTn09RWxJ1E,https://maps.google.com/?cid=5847837349042731373&g_mp=Cidnb29nbGUubWFwcy5wbGFjZXMudjEuUGxhY2VzLlNlYXJjaFRleHQQAhgEIAA
Crystal Palace,empty_chair,empty_chair,Celine Nails,"Abode London Ltd, 82 Westow Hill, London",SE19 1SB,Westow Hill,https://www.celinenailscrystalpalace.co.uk/,+44 20 7998 8450,thuyanh732018@gmail.com,,ok,no,Nail salon,4.6,105,,ChIJ8WworPoBdkgRp4kPbwbh-i0,https://maps.google.com/?cid=3313207893633763751&g_mp=Cidnb29nbGUubWFwcy5wbGFjZXMudjEuUGxhY2VzLlNlYXJjaFRleHQQAhgEIAA
Crystal Palace,empty_chair,empty_chair,Coral makeovers,"Abode London Ltd, 80 Westow Hill, London",SE19 1SB,Westow Hill,,+44 7466 466177,,,no_website,no,Beauty salon,5,1,,ChIJzcY8P-MBdkgRFMqhbK73_Oc,https://maps.google.com/?cid=16716508245411351060&g_mp=Cidnb29nbGUubWFwcy5wbGFjZXMudjEuUGxhY2VzLlNlYXJjaFRleHQQAhgEIAA
Crystal Palace,empty_chair,empty_chair,Crystal Nails,"40 Westow Hill, London",SE19 1RX,Westow Hill,https://www.instagram.com/crystal_palace_nails/?hl=en-gb,+44 7448 831978,,,none,no,Nail salon,4.1,197,,ChIJIUJDGVABdkgRnGlm_EiIPQI,https://maps.google.com/?cid=161435008708798876&g_mp=Cidnb29nbGUubWFwcy5wbGFjZXMudjEuUGxhY2VzLlNlYXJjaFRleHQQAhgEIAA
Crystal Palace,empty_chair,empty_chair,Damascus barbers,"12 Church Rd, London",SE19 2ET,Church Rd,http://sumupbookings.com/damascus-barbers-limited,+44 7378 572243,shannon.vvrdrd@gmail.com,,platform,no,Barber shop,4.8,70,,ChIJ13Z4tYYBdkgRacSXUoV-O74,https://maps.google.com/?cid=13707689001913664617&g_mp=Cidnb29nbGUubWFwcy5wbGFjZXMudjEuUGxhY2VzLlNlYXJjaFRleHQQAhgEIAA
Crystal Palace,empty_chair,empty_chair,Elysia Wellness,"Foresters hall, 25-27 Westow St, London",SE19 3RY,Westow St,https://elysiawellness4me.com/,+44 20 3916 6787,admin@elysiawellness4me.com,,ok,no,Massage service,4.7,34,,ChIJXS9A1IYBdkgRxGDVUTWsm80,https://maps.google.com/?cid=14815624744171561156&g_mp=Cidnb29nbGUubWFwcy5wbGFjZXMudjEuUGxhY2VzLlNlYXJjaFRleHQQAhgEIAA
Crystal Palace,empty_chair,empty_chair,GM's Hair Salon,"74 Westow Hill, London",SE19 1SB,Westow Hill,http://www.gmshair.com/,+44 20 8693 6777,emergencyhairessentials@gmshair.co.uk,,ok,no,Hair salon,4.6,142,,ChIJpzQGJUUBdkgR29YglFFPquQ,https://maps.google.com/?cid=16477069398484506331&g_mp=Cidnb29nbGUubWFwcy5wbGFjZXMudjEuUGxhY2VzLlNlYXJjaFRleHQQAhgEIAA
Crystal Palace,empty_chair,empty_chair,Hayley Nails spa,"81 Church Rd, London",SE19 2TA,Church Rd,http://hayleynails.co.uk/,+44 7446 853555,,,none,no,Nail salon,4.6,366,,ChIJH51un0UBdkgRvTeZuDl8PpA,https://maps.google.com/?cid=10393881577369712573&g_mp=Cidnb29nbGUubWFwcy5wbGFjZXMudjEuUGxhY2VzLlNlYXJjaFRleHQQAhgEIAA
Crystal Palace,empty_chair,empty_chair,Headmasters Crystal Palace,"59 Westow Hill, London",SE19 1TS,Westow Hill,https://www.headmasters.com/find-a-salon/crystal-palace/,+44 345 459 7760,marketing@headmasters.com,dev.babooa@headmasters.com,chain_hq,no,Hair salon,4.8,464,,ChIJA0emKUUBdkgRhxW-2oFZC0Y,https://maps.google.com/?cid=5047226221654316423&g_mp=Cidnb29nbGUubWFwcy5wbGFjZXMudjEuUGxhY2VzLlNlYXJjaFRleHQQAhgEIAA
Crystal Palace,empty_chair,empty_chair,M&B Barbers,"63 Westow St, London",SE19 3RW,Westow St,,+44 20 8653 1599,,,no_website,no,Barber shop,4.4,82,,ChIJtyJ1gEUBdkgR_BaN7KYGX_Y,https://maps.google.com/?cid=17752915570120791804&g_mp=Cidnb29nbGUubWFwcy5wbGFjZXMudjEuUGxhY2VzLlNlYXJjaFRleHQQAhgEIAA
Crystal Palace,empty_chair,empty_chair,MAKAS BARBERS SHOP,"Triangle House, 86a Westow Hill, London",SE19 1SB,Westow Hill,,,,,no_website,no,Barber shop,4.8,112,,ChIJJxBtOx8BdkgRXwg08gvOKP0,https://maps.google.com/?cid=18242056841367652447&g_mp=Cidnb29nbGUubWFwcy5wbGFjZXMudjEuUGxhY2VzLlNlYXJjaFRleHQQAhgEIAA
Crystal Palace,empty_chair,empty_chair,OFF - CUT Crystal Palace,"13 Church Rd, London",SE19 2TF,Church Rd,https://off-cutbarbers.com/crystal-palace,+44 20 8916 1471,contact@off-cutbarbers.com,,ok,no,Barber shop,4.9,297,,ChIJ81ZfcfABdkgREEsQpXOXrAc,https://maps.google.com/?cid=552983377206070032&g_mp=Cidnb29nbGUubWFwcy5wbGFjZXMudjEuUGxhY2VzLlNlYXJjaFRleHQQAhgEIAA
Crystal Palace,empty_chair,empty_chair,Palace Barber Shop,"62 Westow Hill, London",SE19 1RX,Westow Hill,,+44 20 8761 5835,,,no_website,no,Barber shop,4.5,165,,ChIJb1oaOUUBdkgRWhi2HTvR6jw,https://maps.google.com/?cid=4389550838657718362&g_mp=Cidnb29nbGUubWFwcy5wbGFjZXMudjEuUGxhY2VzLlNlYXJjaFRleHQQAhgEIAA
Crystal Palace,empty_chair,empty_chair,Plaster Beauty,"46 Church Rd, London",SE19 2ET,Church Rd,http://www.plasterbeauty.com/,+44 7903 380855,plasterxaslmm@gmail.com,,ok,no,Beauty salon,4.7,69,,ChIJB1RhEEUBdkgR2ELVBSfH6nA,https://maps.google.com/?cid=8136534647213736664&g_mp=Cidnb29nbGUubWFwcy5wbGFjZXMudjEuUGxhY2VzLlNlYXJjaFRleHQQAhgEIAA
Crystal Palace,empty_chair,empty_chair,Revitalize Clinic,"Trade Court, 71 Church Rd, London",SE19 2TA,Church Rd,http://revitalize.london/,+44 7549 952434,revitalize.mel@hotmail.co.uk,,ok,no,Beauty salon,4.5,94,,ChIJGeAqIkUBdkgRyotgqy473-I,https://maps.google.com/?cid=16347850244007955402&g_mp=Cidnb29nbGUubWFwcy5wbGFjZXMudjEuUGxhY2VzLlNlYXJjaFRleHQQAhgEIAA
Crystal Palace,empty_chair,empty_chair,Rush Hair Crystal Palace,"22 Westow Hill, London",SE19 1RX,Westow Hill,https://www.rush.co.uk/salons/crystal-palace,+44 20 3474 5006,chris.beaumont13@me.com,edgrimes@hotmail.co.uk,chain_hq,no,Hair salon,4.5,394,,ChIJi2we-E8BdkgRON5_ZVxZPqg,https://maps.google.com/?cid=12123225500302695992&g_mp=Cidnb29nbGUubWFwcy5wbGFjZXMudjEuUGxhY2VzLlNlYXJjaFRleHQQAhgEIAA
Crystal Palace,empty_chair,empty_chair,Sharp crystal,"Greystoke House, 21 Westow St, London",SE19 3RY,Westow St,https://sharpcrystal.co.uk/,+44 20 4619 9933,,,none,no,Barber shop,5,108,,ChIJ9aQPXAABdkgR0KVJTqTSlS0,https://maps.google.com/?cid=3284763106366563792&g_mp=Cidnb29nbGUubWFwcy5wbGFjZXMudjEuUGxhY2VzLlNlYXJjaFRleHQQAhgEIAA
Crystal Palace,empty_chair,empty_chair,Skintouch,"77 Church Rd, London",SE19 2TA,Church Rd,http://www.skintouch.london/,+44 20 8771 5062,,,none,no,Skin care clinic,4.9,170,,ChIJH51un0UBdkgR8-5mcTHvdKM,https://maps.google.com/?cid=11778301921115696883&g_mp=Cidnb29nbGUubWFwcy5wbGFjZXMudjEuUGxhY2VzLlNlYXJjaFRleHQQAhgEIAA
Crystal Palace,empty_chair,empty_chair,V brows & beauty lounge,"18 Church Rd, London",SE19 2ET,Church Rd,https://www.vbrowsandbeauty.com/,+44 20 8616 2460,vbrowsbeauty@gmail.com,,ok,no,Beauty salon,4.8,220,,ChIJf7vTEwMBdkgRuoBNtSndGJs,https://maps.google.com/?cid=11175925646525038778&g_mp=Cidnb29nbGUubWFwcy5wbGFjZXMudjEuUGxhY2VzLlNlYXJjaFRleHQQAhgEIAA
Crystal Palace,empty_chair,empty_chair,Way Ahead London,"41-43 Westow St, London",SE19 3RW,Westow St,,+44 20 8653 7342,,,no_website,no,Hair salon,4.1,117,,ChIJzxnMhk8BdkgRUFBdhMz0TWw,https://maps.google.com/?cid=7804162888534151248&g_mp=Cidnb29nbGUubWFwcy5wbGFjZXMudjEuUGxhY2VzLlNlYXJjaFRleHQQAhgEIAA
Crystal Palace,empty_chair,empty_chair,Wellness & Laser Centre - Crystal Palace,"64 Church Rd, London",SE19 2EZ,Church Rd,http://www.wellnesslasercentre.com/,+44 20 3633 8522,info@bellevousspa.com,info@bellevousspa.com,ok,no,Spa,4.5,227,,ChIJyVKQnUUBdkgR1PaL64JcZBY,https://maps.google.com/?cid=1613516283872802516&g_mp=Cidnb29nbGUubWFwcy5wbGFjZXMudjEuUGxhY2VzLlNlYXJjaFRleHQQAhgEIAA
Crystal Palace,empty_chair,empty_chair,Your Style Hair & Tanning Boutique,"75 Westow Hill, London",SE19 1TX,Westow Hill,https://www.yourstylehairandtanning.co.uk/,+44 20 8670 0055,yourstyle7@yahoo.co.uk,,ok,no,Hair salon,4.9,204,,ChIJqVYyL0UBdkgRZYvDFPM56RQ,https://maps.google.com/?cid=1506799266520337253&g_mp=Cidnb29nbGUubWFwcy5wbGFjZXMudjEuUGxhY2VzLlNlYXJjaFRleHQQAhgEIAA
Crystal Palace,end_of_day_food,end_of_day_food,56 WESTOW,"56 Westow Hill, London",SE19 1RX,Westow Hill,https://www.56westow.com/,+44 7354 847991,hello@56westow.com,,ok,no,Restaurant,4.4,271,,ChIJS0NFSmUBdkgR5f1C9WEOfJw,https://maps.google.com/?cid=11275903380918304229&g_mp=Cidnb29nbGUubWFwcy5wbGFjZXMudjEuUGxhY2VzLlNlYXJjaFRleHQQAhgEIAA
Crystal Palace,end_of_day_food,end_of_day_food,Blackbird Bakery Crystal Palace,"59 Westow St, London",SE19 3RW,Westow St,http://www.blackbirdbakerylondon.co.uk/,+44 20 8768 0357,blackbirdbakerylondon@gmail.com,,ok,no,Bakery,4.3,304,,ChIJ5ekShkUBdkgRlGhaGzQkgYc,https://maps.google.com/?cid=9764125273331755156&g_mp=Cidnb29nbGUubWFwcy5wbGFjZXMudjEuUGxhY2VzLlNlYXJjaFRleHQQAhgEIAA
Crystal Palace,end_of_day_food,end_of_day_food,Bloom café crystalpalace,"70 Westow Hill, London",SE19 1SB,Westow Hill,https://bloomcafecrystalpalace.co.uk/,+44 20 8670 1786,bloom-cafe@hotmail.com,,ok,no,Brunch restaurant,4.2,668,,ChIJHQKETQEBdkgRu8kpWQgPA7c,https://maps.google.com/?cid=13187400662401010107&g_mp=Cidnb29nbGUubWFwcy5wbGFjZXMudjEuUGxhY2VzLlNlYXJjaFRleHQQAhgEIAA
Crystal Palace,end_of_day_food,end_of_day_food,Brown & Green London,"99 Church Rd, London",SE19 2PR,Church Rd,http://brownandgreencafe.com/,+44 20 8653 3799,brownandgreen@outlook.com,,ok,no,Cafe,4.3,640,,ChIJYxkzkEUBdkgRBa4cmtq2L8s,https://maps.google.com/?cid=14641121963609468421&g_mp=Cidnb29nbGUubWFwcy5wbGFjZXMudjEuUGxhY2VzLlNlYXJjaFRleHQQAhgEIAA
Crystal Palace,end_of_day_food,end_of_day_food,Chabela,"61 Westow St, London",SE19 3RW,Westow St,http://www.chabela.co.uk/,+44 20 8771 4078,info@chabela.co.uk,,ok,no,Mexican restaurant,4.8,672,,ChIJNdHjf08BdkgRaS2dOetmz6w,https://maps.google.com/?cid=12452284655172660585&g_mp=Cidnb29nbGUubWFwcy5wbGFjZXMudjEuUGxhY2VzLlNlYXJjaFRleHQQAhgEIAA
Crystal Palace,end_of_day_food,end_of_day_food,Champagne + Fromage Crystal Palace,"1 Westow St, London",SE19 3RY,Westow St,https://champagneplusfromage.co.uk/crystal-palace/,+44 20 8075 9405,stefano.frigerio@champagneplusfromage.co.uk,,ok,no,Restaurant,4.9,54,,ChIJR3dDp2QBdkgRgqEaT7E6_Ks,https://maps.google.com/?cid=12392844807827530114&g_mp=Cidnb29nbGUubWFwcy5wbGFjZXMudjEuUGxhY2VzLlNlYXJjaFRleHQQAhgEIAA
Crystal Palace,end_of_day_food,end_of_day_food,Etude Coffee - London,"87 Church Rd, London",SE19 2TA,Church Rd,http://etude.coffee/,+44 1603 804545,hello@etude.coffee,,ok,no,Cafe,4.9,107,,ChIJkcP6FN4BdkgRiGNFASN5qyA,https://maps.google.com/?cid=2354108421483357064&g_mp=Cidnb29nbGUubWFwcy5wbGFjZXMudjEuUGxhY2VzLlNlYXJjaFRleHQQAhgEIAA
Crystal Palace,end_of_day_food,end_of_day_food,Four Boroughs,"10 Church Rd, London",SE19 2ET,Church Rd,http://www.fourboroughs.co.uk/,,hello@fourboroughs.co.uk,,ok,no,Coffee shop,4.7,418,,ChIJg7tVJ0UBdkgRomWuai-QYvY,https://maps.google.com/?cid=17753911214375593378&g_mp=Cidnb29nbGUubWFwcy5wbGFjZXMudjEuUGxhY2VzLlNlYXJjaFRleHQQAhgEIAA
Crystal Palace,end_of_day_food,end_of_day_food,Four Hundred Rabbits: Pizza Restaurant Crystal Palace,"30-32 Westow St, London",SE19 3AH,Westow St,https://www.400rabbits.co.uk/crystalpalace,+44 20 8771 6249,info@400rabbits.co.uk,ammarah@400rabbits.co.uk,ok,no,Pizza restaurant,4.4,983,,ChIJnQnY7E8BdkgRfBKzZDePdrk,https://maps.google.com/?cid=13364026412343956092&g_mp=Cidnb29nbGUubWFwcy5wbGFjZXMudjEuUGxhY2VzLlNlYXJjaFRleHQQAhgEIAA
Crystal Palace,end_of_day_food,end_of_day_food,GAIL's Bakery Crystal Palace,"58-60 Westow Hill, London",SE19 1RX,Westow Hill,https://gails.com/pages/crystal-palace,+44 20 4546 8196,marketing@gailsbread.co.uk,recruitment@gailsbread.co.uk,chain_hq,no,Bakery,3.4,86,,ChIJL2JCMRMBdkgRzhtYLSOLcuw,https://maps.google.com/?cid=17037833323496872910&g_mp=Cidnb29nbGUubWFwcy5wbGFjZXMudjEuUGxhY2VzLlNlYXJjaFRleHQQAhgEIAA
Crystal Palace,end_of_day_food,end_of_day_food,HopScotch Taprooms,"54 Westow Hill, London",SE19 1RX,Westow Hill,https://www.hopscotchtap.com/,+44 7394 072189,matt@hopscotchtap.com,hopscotchtaprooms@gmail.com,ok,no,Cafe,4.7,73,,ChIJDbAmZwABdkgRnNaReu18bHo,https://maps.google.com/?cid=8821563129517430428&g_mp=Cidnb29nbGUubWFwcy5wbGFjZXMudjEuUGxhY2VzLlNlYXJjaFRleHQQAhgEIAA
Crystal Palace,end_of_day_food,end_of_day_food,"Ivy and the Wolf – Plants, Coffee & Nice Things","Ivy and the Wolf, 61 Westow Hill, London",SE19 1TS,Westow Hill,http://www.ivyandthewolf.com/,,info@ivyandthewolf.com,,ok,no,Cafe,4.9,290,,ChIJi_hA_Uun2EcRAmzFw7QD4Jk,https://maps.google.com/?cid=11087866357499653122&g_mp=Cidnb29nbGUubWFwcy5wbGFjZXMudjEuUGxhY2VzLlNlYXJjaFRleHQQAhgEIAA
Crystal Palace,end_of_day_food,end_of_day_food,Kamari The Authentic Greek,"Foresters hall, 25 Westow St, London",SE19 3RY,Westow St,http://www.kamari.london/,+44 7949 195459,info@elia.london,,ok,no,Coffee shop,4.8,194,,ChIJk1mtJWEBdkgRFR9IdsSsLBk,https://maps.google.com/?cid=1814014709721472789&g_mp=Cidnb29nbGUubWFwcy5wbGFjZXMudjEuUGxhY2VzLlNlYXJjaFRleHQQAhgEIAA
Crystal Palace,end_of_day_food,end_of_day_food,La Bruschetta,"52 Westow St, London",SE19 3AF,Westow St,,+44 20 8771 7478,,,no_website,no,Cafe,4.6,383,,ChIJ780MhU8BdkgR_NVZoOqSVmQ,https://maps.google.com/?cid=7230127788200154620&g_mp=Cidnb29nbGUubWFwcy5wbGFjZXMudjEuUGxhY2VzLlNlYXJjaFRleHQQAhgEIAA
Crystal Palace,end_of_day_food,end_of_day_food,Little Palace London,"49 Westow Hill, London",SE19 1TS,Westow Hill,,+44 20 8670 0123,,,no_website,no,Cafe,4.5,174,,ChIJebxmT0UBdkgRMxDEitXale0,https://maps.google.com/?cid=17119830169209802803&g_mp=Cidnb29nbGUubWFwcy5wbGFjZXMudjEuUGxhY2VzLlNlYXJjaFRleHQQAhgEIAA
Crystal Palace,end_of_day_food,end_of_day_food,Lorenzo of Crystal Palace,"Burapa Thai Restaurant, 73 Westow Hill, London",SE19 1TX,Westow Hill,http://www.lorenzo.uk.com/,+44 20 8761 7485,lorenzocp@hotmail.co.uk,bookings@lorenzo.uk.com,ok,no,Italian restaurant,4.5,899,,ChIJK_q5KEUBdkgRTFdOUE0kXQ4,https://maps.google.com/?cid=1035023403843475276&g_mp=Cidnb29nbGUubWFwcy5wbGFjZXMudjEuUGxhY2VzLlNlYXJjaFRleHQQAhgEIAA
Crystal Palace,end_of_day_food,end_of_day_food,Palazzo,"3-6 Church Rd, London",SE19 2TF,Church Rd,https://www.barpalazzo.com/,+44 20 3903 7164,info@barpalazzo.com,info@madeofdough.co.uk,ok,no,Italian restaurant,4.4,649,,ChIJL7duNzUBdkgR3SZpPs4f230,https://maps.google.com/?cid=9068877245311428317&g_mp=Cidnb29nbGUubWFwcy5wbGFjZXMudjEuUGxhY2VzLlNlYXJjaFRleHQQAhgEIAA
Crystal Palace,end_of_day_food,end_of_day_food,Phoenician,"48 Westow Hill, London",SE19 1RX,Westow Hill,http://phoeniciantaste.co.uk/,,,,none,no,Restaurant,5,8,,ChIJc8OvHAABdkgR1XSwQzDJ3ds,https://maps.google.com/?cid=15843040273290523861&g_mp=Cidnb29nbGUubWFwcy5wbGFjZXMudjEuUGxhY2VzLlNlYXJjaFRleHQQAhgEIAA
Crystal Palace,end_of_day_food,end_of_day_food,Roasted Bean,"23 Westow St, London",SE19 3RY,Westow St,,+44 7444 191632,,,no_website,no,Cafe,4.6,363,,ChIJFXnYjU8BdkgRmnkfhoB33LM,https://maps.google.com/?cid=12960365221555173786&g_mp=Cidnb29nbGUubWFwcy5wbGFjZXMudjEuUGxhY2VzLlNlYXJjaFRleHQQAhgEIAA
Crystal Palace,end_of_day_food,end_of_day_food,Softplay by Coffee Cup House,"Libero Court, 18 Westow St, London",SE19 3RX,Westow St,https://softplaybycch.as.me/,+44 20 3435 8112,,,none,no,Coffee shop,4.6,41,,ChIJK0F1B3ABdkgR87qUwxb72DQ,https://maps.google.com/?cid=3808069560130910963&g_mp=Cidnb29nbGUubWFwcy5wbGFjZXMudjEuUGxhY2VzLlNlYXJjaFRleHQQAhgEIAA
Crystal Palace,end_of_day_food,end_of_day_food,Spinach Crystal Palace,"Burapa Thai Restaurant, 69 - 71 Westow Hill, London",SE19 1TX,Westow Hill,http://spinach.london/spinachcrystalpalace,+44 20 3089 9571,,,none,no,Restaurant,4.4,246,,ChIJW15PNNsBdkgRzLoAofdDd5c,https://maps.google.com/?cid=10914266952792849100&g_mp=Cidnb29nbGUubWFwcy5wbGFjZXMudjEuUGxhY2VzLlNlYXJjaFRleHQQAhgEIAA
Crystal Palace,end_of_day_food,end_of_day_food,Taro Crystal Palace,"107 Church Rd, London",SE19 2PR,Church Rd,https://tarorestaurants.uk/,+44 20 3859 2875,,,none,no,Restaurant,4.6,60,,ChIJG2pYURQBdkgR7j3-xdFYakQ,https://maps.google.com/?cid=4929850400103611886&g_mp=Cidnb29nbGUubWFwcy5wbGFjZXMudjEuUGxhY2VzLlNlYXJjaFRleHQQAhgEIAA
Crystal Palace,end_of_day_food,end_of_day_food,The Crystal Pantry,"Triangle House, 6 Church Rd, London",SE19 2ET,Church Rd,,+44 20 8653 2791,,,no_website,no,Cafe,4.5,128,,ChIJ67MrIkUBdkgRhhope-oL5gY,https://maps.google.com/?cid=497097910587562630&g_mp=Cidnb29nbGUubWFwcy5wbGFjZXMudjEuUGxhY2VzLlNlYXJjaFRleHQQAhgEIAA
Crystal Palace,end_of_day_food,end_of_day_food,The Fino,"23 Westow Hill, London",SE19 1TQ,Westow Hill,http://www.thefino.co.uk/,+44 20 3648 4546,thefino.crystalpalace@gmail.com,,ok,no,Coffee shop,4.8,126,,ChIJjRUiUgABdkgRt6VStvNWVtw,https://maps.google.com/?cid=15876973141077173687&g_mp=Cidnb29nbGUubWFwcy5wbGFjZXMudjEuUGxhY2VzLlNlYXJjaFRleHQQAhgEIAA
Crystal Palace,end_of_day_food,end_of_day_food,Yaash Peri Peri,"78 Westow Hill, London",SE19 1SB,Westow Hill,,+44 20 3686 3430,,,no_website,no,Takeout restaurant,4.6,45,,ChIJfSSHpU0BdkgRNXZ64OIlnCc,https://maps.google.com/?cid=2854197920205010485&g_mp=Cidnb29nbGUubWFwcy5wbGFjZXMudjEuUGxhY2VzLlNlYXJjaFRleHQQAhgEIAA
Crystal Palace,end_of_day_food,end_of_day_food,Zola's,"Zola's, 28-30 Church Rd, London",SE19 2ET,Church Rd,,,,,no_website,no,Coffee shop,4.7,52,,ChIJiZP-7ZcBdkgRiM0QtVTZoFs,https://maps.google.com/?cid=6602516011563404680&g_mp=Cidnb29nbGUubWFwcy5wbGFjZXMudjEuUGxhY2VzLlNlYXJjaFRleHQQAhgEIAA
Crystal Palace,end_of_day_food,end_of_day_food,rymcafe,"49 Westow Hill, London",SE19 1TS,Westow Hill,,+44 20 8670 0123,,,no_website,no,Food store,5,241,,ChIJa0Lni78BdkgRdCkuYSXETTo,https://maps.google.com/?cid=4201229692229790068&g_mp=Cidnb29nbGUubWFwcy5wbGFjZXMudjEuUGxhY2VzLlNlYXJjaFRleHQQAhgEIAA
Herne Hill,curated_object,flowers,Brothers Green The Florist,"4-6 Half Moon Ln, London",SE24 9HU,Half Moon Ln,http://www.brothersgreenuk.com/,+44 7865 172138,info@concretejunglelondon.com,hello@brothersgreenuk.com,ok,no,Florist,5,46,,ChIJazsTkEoFdkgRoSYdM6W04Dk,https://maps.google.com/?cid=4170531876565231265&g_mp=Cidnb29nbGUubWFwcy5wbGFjZXMudjEuUGxhY2VzLlNlYXJjaFRleHQQAhgEIAA
Herne Hill,curated_object,fashion,Brothers Green Vintage,"4 Half Moon Ln, London",SE24 9HU,Half Moon Ln,https://brothersgreenuk.com/,,info@concretejunglelondon.com,hello@brothersgreenuk.com,ok,no,Clothing store,5,11,,ChIJMbFoacQFdkgReKzUs9DYqSE,https://maps.google.com/?cid=2425708265197579384&g_mp=Cidnb29nbGUubWFwcy5wbGFjZXMudjEuUGxhY2VzLlNlYXJjaFRleHQQAhgEIAA
Herne Hill,curated_object,books,Herne Hill Books,"289 Railton Rd, London",SE24 0LY,Railton Rd,https://www.claphambooks.com/herne-hill,+44 20 7998 1673,shop@claphambooks.com,shop@hernehillbooks.com,ok,no,Book store,4.5,42,,ChIJCSCpJnMEdkgRLDbrqeB3B5I,https://maps.google.com/?cid=10522510861181597228&g_mp=Cidnb29nbGUubWFwcy5wbGFjZXMudjEuUGxhY2VzLlNlYXJjaFRleHQQAhgEIAA
Herne Hill,curated_object,fashion,Lark Herne Hill,"317 Railton Rd, London",SE24 0JN,Railton Rd,https://www.larklondon.com/,+44 20 7737 6599,hello@larklondon.com,larklondonbuyingteam@gmail.com,ok,yes,Gift shop,4.8,103,,ChIJhVH6cd4FdkgRyia2Nx3pbsI,https://maps.google.com/?cid=14010391802494199498&g_mp=Cidnb29nbGUubWFwcy5wbGFjZXMudjEuUGxhY2VzLlNlYXJjaFRleHQQAhgEIAA
Herne Hill,curated_object,books,The Paper Cat Children's Bookshop,"25 Half Moon Ln, London",SE24 9JU,Half Moon Ln,https://www.papercatbookshop.co.uk/,+44 20 4568 1309,info@papercatbookshop.co.uk,,ok,no,Book store,5,29,,ChIJudsopR4FdkgRxoV1IRkEb4I,https://maps.google.com/?cid=9398735453327558086&g_mp=Cidnb29nbGUubWFwcy5wbGFjZXMudjEuUGxhY2VzLlNlYXJjaFRleHQQAhgEIAA
Herne Hill,curated_object,wine,Wild + Lees,"2 Half Moon Ln, London",SE24 9HU,Half Moon Ln,http://www.wildandlees.com/,+44 7985 218570,hello@wildandlees.com,,ok,no,Liquor store,4.8,87,,ChIJD-64OXMEdkgRC456qxynh8Q,https://maps.google.com/?cid=14161471294867672587&g_mp=Cidnb29nbGUubWFwcy5wbGFjZXMudjEuUGxhY2VzLlNlYXJjaFRleHQQAhgEIAA
Herne Hill,curated_object,fashion,Wish,"238 Railton Rd, London",SE24 0JT,Railton Rd,,+44 7949 298956,,,no_website,no,Gift shop,4.7,21,,ChIJFWXxL3MEdkgR-Sk4D3wiX6A,https://maps.google.com/?cid=11555993085082610169&g_mp=Cidnb29nbGUubWFwcy5wbGFjZXMudjEuUGxhY2VzLlNlYXJjaFRleHQQAhgEIAA
Herne Hill,empty_chair,empty_chair,Aitch SE24,"22 Half Moon Ln, London",SE24 9HU,Half Moon Ln,https://www.aitch.london/,+44 20 7733 5649,hello@aitch.london,,ok,no,Hair salon,4.9,70,,ChIJA0IJWnMEdkgRtB_5QdATCxE,https://maps.google.com/?cid=1228097108569563060&g_mp=Cidnb29nbGUubWFwcy5wbGFjZXMudjEuUGxhY2VzLlNlYXJjaFRleHQQAhgEIAA
Herne Hill,empty_chair,empty_chair,Clepsydra Barbers,"2A Half Moon Ln, London",SE24 9HU,Half Moon Ln,https://clepsydra-barbers.ueniweb.com/,+44 20 7738 7483,diako12345@hotmail.com,,ok,no,Barber shop,4.8,452,,ChIJ4yeI4cYFdkgRMC2EyE2ao5E,https://maps.google.com/?cid=10494401215570652464&g_mp=Cidnb29nbGUubWFwcy5wbGFjZXMudjEuUGxhY2VzLlNlYXJjaFRleHQQAhgEIAA
Herne Hill,empty_chair,empty_chair,Fringe Hair Salon,"19 Half Moon Ln, London",SE24 9JU,Half Moon Ln,http://www.fringehernehill.com/,+44 20 7738 3940,info@fringehernehill.com,,ok,no,Hair salon,4.7,27,,ChIJjxarXXMEdkgRQZJytZyKsJQ,https://maps.google.com/?cid=10714215919178125889&g_mp=Cidnb29nbGUubWFwcy5wbGFjZXMudjEuUGxhY2VzLlNlYXJjaFRleHQQAhgEIAA
Herne Hill,empty_chair,empty_chair,Glistering Nails,"21 Half Moon Ln, London",SE24 9JU,Half Moon Ln,,+44 20 7733 1361,,,no_website,no,Nail salon,4.3,40,,ChIJVfMsXHMEdkgRQYuIk4IR4gs,https://maps.google.com/?cid=856266131672435521&g_mp=Cidnb29nbGUubWFwcy5wbGFjZXMudjEuUGxhY2VzLlNlYXJjaFRleHQQAhgEIAA
Herne Hill,empty_chair,empty_chair,Myla and Davis,"204 Railton Rd, London",SE24 0JT,Railton Rd,http://www.mylaanddavis.co.uk/,+44 20 7207 2865,weddings@mylaanddavis.co.uk,jose@mylaanddavis.co.uk,ok,no,Hair salon,4.7,165,,ChIJ4-Kb4HIEdkgRlsYvoiVos_I,https://maps.google.com/?cid=17488436288853886614&g_mp=Cidnb29nbGUubWFwcy5wbGFjZXMudjEuUGxhY2VzLlNlYXJjaFRleHQQAhgEIAA
Herne Hill,empty_chair,empty_chair,Our Little Secret,"118 Railton Rd, London",SE24 0JX,Railton Rd,https://www.ourlittlesecrethernehill.com/,+44 7934 586863,ourlittlesecretisus@gmail.com,,ok,no,Hair salon,4.9,35,,ChIJQ1qrenIEdkgRGZoO2UvVbus,https://maps.google.com/?cid=16964731368092113433&g_mp=Cidnb29nbGUubWFwcy5wbGFjZXMudjEuUGxhY2VzLlNlYXJjaFRleHQQAhgEIAA
Herne Hill,end_of_day_food,end_of_day_food,Arapina Bakery - Herne Hill Market,"Railton Rd, London",SE24 0JN,Railton Rd,https://arapina.co.uk/,+44 20 8469 1764,marketing@arapina.co.uk,info@arapina.co.uk,ok,no,Bakery,3.5,2,,ChIJd7P8cu0FdkgRkwZisQatl6M,https://maps.google.com/?cid=11788080793922963091&g_mp=Cidnb29nbGUubWFwcy5wbGFjZXMudjEuUGxhY2VzLlNlYXJjaFRleHQQAhgEIAA
Herne Hill,end_of_day_food,end_of_day_food,Blackbird Bakery Herne Hill,"230 Railton Rd, London",SE24 0JT,Railton Rd,http://www.blackbirdbakerylondon.co.uk/,+44 20 7095 8800,blackbirdbakerylondon@gmail.com,,ok,no,Bakery,3.8,361,,ChIJLY9E3nIEdkgRraPhyUlJPsc,https://maps.google.com/?cid=14356993243372168109&g_mp=Cidnb29nbGUubWFwcy5wbGFjZXMudjEuUGxhY2VzLlNlYXJjaFRleHQQAhgEIAA
Herne Hill,end_of_day_food,end_of_day_food,Cafe' del Cuore (cafe' of the heart),"135 Half Moon Ln, London",SE24 9JY,Half Moon Ln,,+44 20 8166 6205,,,no_website,no,Deli,4.7,136,,ChIJtUniX3UEdkgRE6dJFifiUgc,https://maps.google.com/?cid=527732763861296915&g_mp=Cidnb29nbGUubWFwcy5wbGFjZXMudjEuUGxhY2VzLlNlYXJjaFRleHQQAhgEIAA
Herne Hill,end_of_day_food,end_of_day_food,Christopher's,"145 Half Moon Ln, London",SE24 9JY,Half Moon Ln,https://www.christophers-bakery.com/,,christophersfoh@gmail.com,,ok,no,Bakery,4.4,204,,ChIJYcwwmIoDdkgRCC4HcIPpeYM,https://maps.google.com/?cid=9473860041880055304&g_mp=Cidnb29nbGUubWFwcy5wbGFjZXMudjEuUGxhY2VzLlNlYXJjaFRleHQQAhgEIAA
Herne Hill,end_of_day_food,end_of_day_food,Flo's,"23 Half Moon Ln, London",SE24 9JU,Half Moon Ln,,,,,no_website,no,Coffee shop,4.2,39,,ChIJiR62zSYFdkgR0pIMP_uzh5c,https://maps.google.com/?cid=10918893713259008722&g_mp=Cidnb29nbGUubWFwcy5wbGFjZXMudjEuUGxhY2VzLlNlYXJjaFRleHQQAhgEIAA
Herne Hill,end_of_day_food,end_of_day_food,GAIL's Bakery Herne Hill,"214-216 Railton Rd, London",SE24 0JT,Railton Rd,https://gailsbread.co.uk/bakeries/herne-hill/,+44 20 3848 9716,mirandasmith04@yahoo.co.uk,tom_molnar@breadltd.co.uk,chain_hq,no,Bakery,3.6,158,,ChIJSZfqN_UFdkgRNz00tMa0JX8,https://maps.google.com/?cid=9161927782474988855&g_mp=Cidnb29nbGUubWFwcy5wbGFjZXMudjEuUGxhY2VzLlNlYXJjaFRleHQQAhgEIAA
Herne Hill,end_of_day_food,end_of_day_food,Herne Hill Foods,"240 Railton Rd, London",SE24 0JT,Railton Rd,,+44 20 7738 3400,,,no_website,no,Restaurant,4.3,3,,ChIJbcqu1ugFdkgRrye3IrI2igI,https://maps.google.com/?cid=183018873576433583&g_mp=Cidnb29nbGUubWFwcy5wbGFjZXMudjEuUGxhY2VzLlNlYXJjaFRleHQQAhgEIAA
Herne Hill,end_of_day_food,end_of_day_food,Kai Hung,"88 Railton Rd, London",SE24 0LD,Railton Rd,http://www.kaihungonline.co.uk/,+44 20 7733 6566,khlondonuk@hotmail.com,,ok,no,Takeout restaurant,3.9,109,,ChIJTVXxdm4EdkgR4ppvLr9O4Ks,https://maps.google.com/?cid=12384985558293650146&g_mp=Cidnb29nbGUubWFwcy5wbGFjZXMudjEuUGxhY2VzLlNlYXJjaFRleHQQAhgEIAA
Herne Hill,end_of_day_food,end_of_day_food,Koala Coffee & Ice Cream,"64 Railton Rd, London",SE24 0LF,Railton Rd,http://www.koalacoffee.co.uk/,,koala@koalacoffee.co.uk,info@minus12.co.uk,ok,no,Coffee shop,4.8,214,,ChIJMQkh54IFdkgRtCH3P3FQxBQ,https://maps.google.com/?cid=1496409423528534452&g_mp=Cidnb29nbGUubWFwcy5wbGFjZXMudjEuUGxhY2VzLlNlYXJjaFRleHQQAhgEIAA
Herne Hill,end_of_day_food,end_of_day_food,Llewelyn's,"293-295 Railton Rd, London",SE24 0JP,Railton Rd,https://www.llewelyns-restaurant.co.uk/,,bookings@llewelyns-restaurant.co.uk,,ok,no,Restaurant,4.6,628,,ChIJ35SN4HIEdkgR2J0HhGI6RMo,https://maps.google.com/?cid=14574838488874065368&g_mp=Cidnb29nbGUubWFwcy5wbGFjZXMudjEuUGxhY2VzLlNlYXJjaFRleHQQAhgEIAA
Herne Hill,end_of_day_food,end_of_day_food,Macatia and Coffee,"1A Half Moon Ln, London",SE24 9JU,Half Moon Ln,http://www.macatia.co.uk/,,info@stagheaddesigns.com,,ok,no,Coffee shop,4.9,71,,ChIJOaTXQzYFdkgRoxXKaqVQCH8,https://maps.google.com/?cid=9153654914021987747&g_mp=Cidnb29nbGUubWFwcy5wbGFjZXMudjEuUGxhY2VzLlNlYXJjaFRleHQQAhgEIAA
Herne Hill,end_of_day_food,end_of_day_food,Maureen's Brixton Kitchen,"52 Railton Rd, London",SE24 0LF,Railton Rd,https://www.instagram.com/maureensbrixtonkitchen,+44 7940 382501,,,none,no,Restaurant,4.6,368,,ChIJx79BMgAFdkgRexmLQzhya-k,https://maps.google.com/?cid=16819662819322173819&g_mp=Cidnb29nbGUubWFwcy5wbGFjZXMudjEuUGxhY2VzLlNlYXJjaFRleHQQAhgEIAA
Herne Hill,end_of_day_food,end_of_day_food,Mino Pottery Painting & Cafe,"16 Half Moon Ln, London",SE24 9HU,Half Moon Ln,https://www.minopotterypainting.co.uk/,+44 20 3815 2671,contact@minopotterypainting.co.uk,,ok,no,Cafe,4.8,103,,ChIJf0U5FqEFdkgRewELzcV1YJQ,https://maps.google.com/?cid=10691675007786615163&g_mp=Cidnb29nbGUubWFwcy5wbGFjZXMudjEuUGxhY2VzLlNlYXJjaFRleHQQAhgEIAA
Herne Hill,end_of_day_food,end_of_day_food,"Perks & White coffee, Herne Hill Station","Station Ticket Hall, Herne Hill, Railton Rd, London",SE24 0JW,Railton Rd,http://www.perksandwhite.com/,+44 7848 172681,hello@perksandwhite.com,,ok,no,Coffee shop,4.6,187,,ChIJYZdOSd8FdkgRhaN1Xb1louI,https://maps.google.com/?cid=16330727062790054789&g_mp=Cidnb29nbGUubWFwcy5wbGFjZXMudjEuUGxhY2VzLlNlYXJjaFRleHQQAhgEIAA
Herne Hill,end_of_day_food,end_of_day_food,"Perks & White coffee, Ticket Hall - Herne Hill Station","Ticket Hall, Herne Hill Station, Railton Rd, London",SE24 0JW,Railton Rd,https://www.perksandwhite.com/,+44 20 8678 0002,hello@perksandwhite.com,,ok,no,Cafe,4.2,25,,ChIJS1N1x8UFdkgRxrB-JT2ocws,https://maps.google.com/?cid=825188137314463942&g_mp=Cidnb29nbGUubWFwcy5wbGFjZXMudjEuUGxhY2VzLlNlYXJjaFRleHQQAhgEIAA
Herne Hill,end_of_day_food,end_of_day_food,Railton Lounge,"126 Railton Rd, London",SE24 0JX,Railton Rd,,+44 7398 865020,,,no_website,no,Coffee shop,4,8,,ChIJuc7P7JMFdkgRsy0UqO0RtW0,https://maps.google.com/?cid=7905244433343589811&g_mp=Cidnb29nbGUubWFwcy5wbGFjZXMudjEuUGxhY2VzLlNlYXJjaFRleHQQAhgEIAA
Herne Hill,end_of_day_food,end_of_day_food,Sesami,"307 Railton Rd, London",SE24 0JN,Railton Rd,http://www.sesami.co.uk/,+44 7519 433136,hellosesami@gmail.com,,ok,no,Coffee shop,4.4,149,,ChIJ1WQWdlgFdkgRfzf9HS19rsw,https://maps.google.com/?cid=14748863462415087487&g_mp=Cidnb29nbGUubWFwcy5wbGFjZXMudjEuUGxhY2VzLlNlYXJjaFRleHQQAhgEIAA
Herne Hill,end_of_day_food,end_of_day_food,West 16th,"137 Half Moon Ln, London",SE24 9JY,Half Moon Ln,https://www.west16th.co.uk/,,zita@west16th.co.uk,w16dulwich@west16th.co.uk,ok,no,Restaurant,4.6,133,,ChIJcS9s55YDdkgRF89wWceXOvY,https://maps.google.com/?cid=17742660564434341655&g_mp=Cidnb29nbGUubWFwcy5wbGFjZXMudjEuUGxhY2VzLlNlYXJjaFRleHQQAhgEIAA
Brixton Village,curated_object,books,ABLE REBIRTH RECORDS,"0 1, Green Man Court, 229 Coldharbour Ln, London",SW9 8RR,Coldharbour Ln,https://soloist.ai/ablerebirthrecords,+44 7950 756461,info@evowlvedbrands.com,,platform,no,Manufacturer,5,4,,ChIJ51yHpd8FdkgRL59IKZvwtoY,https://maps.google.com/?cid=9707210596046905135&g_mp=Cidnb29nbGUubWFwcy5wbGFjZXMudjEuUGxhY2VzLlNlYXJjaFRleHQQAhgEIAA
Brixton Village,curated_object,books,Beautiful Books,"24 Brixton Station Rd, London",SW9 8PD,Brixton Station Rd,http://lef-beautifulbooks.co.uk/,+44 20 7738 3302,servicebeautifulbooks@yahoo.co.uk,,ok,no,Book store,4.8,28,,ChIJq6qqqmcEdkgR2tfsTEIov5I,https://maps.google.com/?cid=10574214715312756698&g_mp=Cidnb29nbGUubWFwcy5wbGFjZXMudjEuUGxhY2VzLlNlYXJjaFRleHQQAhgEIAA
Brixton Village,curated_object,books,BookMongers,"439 Coldharbour Ln, London",SW9 8LN,Coldharbour Ln,https://bookmongers.com/,+44 20 7738 4225,book.mongers80@gmail.com,info@bookmongers.com,ok,no,Book store,4.8,451,,ChIJ1fPOjmgEdkgRRYpRE3705TM,https://maps.google.com/?cid=3739663887928232517&g_mp=Cidnb29nbGUubWFwcy5wbGFjZXMudjEuUGxhY2VzLlNlYXJjaFRleHQQAhgEIAA
Brixton Village,curated_object,wine,Bottle + Rye,"Ground Floor, 404-406 Market Row, London",SW9 8LD,Market Row,http://www.bottleandrye.com/,,reservations@bottleandrye.com,robin@crabcommunications.com,ok,no,Wine bar,4.6,149,,ChIJ30NQAHAFdkgRyEiuSYFeISI,https://maps.google.com/?cid=2459350780900952264&g_mp=Cidnb29nbGUubWFwcy5wbGFjZXMudjEuUGxhY2VzLlNlYXJjaFRleHQQAhgEIAA
Brixton Village,curated_object,fashion,Diverse,"390 Coldharbour Ln, London",SW9 8LF,Coldharbour Ln,http://www.diversegifts.co.uk/,+44 20 7733 1488,info@diversegifts.co.uk,,ok,no,Gift shop,4.8,74,,ChIJEe-5Sm8EdkgR9ze50_3dJ7I,https://maps.google.com/?cid=12837473345091483639&g_mp=Cidnb29nbGUubWFwcy5wbGFjZXMudjEuUGxhY2VzLlNlYXJjaFRleHQQAhgEIAA
Brixton Village,curated_object,fashion,Full Moon Designs,"8, Brixton Village, First Avenue, London",SW9 8PR,First Avenue,http://fullmoondesigns.co.uk/,+44 7947 485376,contact@fullmoondesigns.co.uk,,ok,no,Jewelry store,4.8,53,,ChIJZcf8qGgEdkgRriN3xuKHP08,https://maps.google.com/?cid=5710432260591133614&g_mp=Cidnb29nbGUubWFwcy5wbGFjZXMudjEuUGxhY2VzLlNlYXJjaFRleHQQAhgEIAA
Brixton Village,curated_object,wine,Ghost Whale,"70 Atlantic Rd, London",SW9 8PX,Atlantic Rd,http://www.ghostwhalelondon.com/,+44 20 7207 1641,brixton@ghostwhalelondon.com,putney@ghostwhalelondon.com,ok,no,Liquor store,4.8,454,,ChIJ09CeNW8EdkgR5JUbLsXdylg,https://maps.google.com/?cid=6398170059585066468&g_mp=Cidnb29nbGUubWFwcy5wbGFjZXMudjEuUGxhY2VzLlNlYXJjaFRleHQQAhgEIAA
Brixton Village,curated_object,fashion,Lalune London,"Lalune, 24 Market Row, London",SW9 8LB,Market Row,http://lalunelondon.com/,+44 7511 641910,contact@lalunelondon.com,,ok,no,Jewelry store,4.9,53,,ChIJy6FSmoup2EcRUYrFLM0dels,https://maps.google.com/?cid=6591613771666786897&g_mp=Cidnb29nbGUubWFwcy5wbGFjZXMudjEuUGxhY2VzLlNlYXJjaFRleHQQAhgEIAA
Brixton Village,curated_object,fashion,Rachel & Malika's,"Granville Arcade, Coldharbour Ln, London",SW9 8PR,Coldharbour Ln,http://www.rachelandmalikas.com/,+44 7988 318125,rachelandmalikas@gmail.com,,ok,no,Gift shop,4.6,12,,ChIJxy6Lq2gEdkgRLu6IXLr7KNc,https://maps.google.com/?cid=15503918495057899054&g_mp=Cidnb29nbGUubWFwcy5wbGFjZXMudjEuUGxhY2VzLlNlYXJjaFRleHQQAhgEIAA
Brixton Village,curated_object,books,Round Table Books,"Brixton Village, 10-11 Granville Arcade, Coldharbour Ln, London",SW9 8PR,Coldharbour Ln,http://roundtablebooks.co.uk/,+44 20 7274 0030,bookshop@roundtablebooks.co.uk,,ok,no,Book store,4.7,106,,ChIJjYfNROgFdkgRU8pS_rm186U,https://maps.google.com/?cid=11958101246039214675&g_mp=Cidnb29nbGUubWFwcy5wbGFjZXMudjEuUGxhY2VzLlNlYXJjaFRleHQQAhgEIAA
Brixton Village,empty_chair,empty_chair,403 Barber Lane Brixton,"403 Coldharbour Ln, London",SW9 8LQ,Coldharbour Ln,https://www.403barberlane.com/,+44 7894 657172,,,none,no,Barber shop,5,518,,ChIJA6MWGOwFdkgRPada2ERm6d4,https://maps.google.com/?cid=16062481991867213629&g_mp=Cidnb29nbGUubWFwcy5wbGFjZXMudjEuUGxhY2VzLlNlYXJjaFRleHQQAhgEIAA
Brixton Village,empty_chair,empty_chair,Ama (Brixton),"Gresham Cafe, 340 Coldharbour Ln, London",SW9 8QH,Coldharbour Ln,http://www.amathesalon.com/,+44 20 7095 8088,info@amathesalon.com,brixton@amathesalon.com,ok,no,Nail salon,4.7,221,,ChIJj3ETAi0FdkgR4_tnqN1JaOw,https://maps.google.com/?cid=17034946806890888163&g_mp=Cidnb29nbGUubWFwcy5wbGFjZXMudjEuUGxhY2VzLlNlYXJjaFRleHQQAhgEIAA
Brixton Village,empty_chair,empty_chair,Amy's Beauty Salon,"15 Brixton Station Rd, London",SW9 8PB,Brixton Station Rd,,+44 7515 110700,,,no_website,no,Beauty salon,4.5,8,,ChIJMSaLZO0FdkgRwXoLP7OTpn8,https://maps.google.com/?cid=9198201687016962753&g_mp=Cidnb29nbGUubWFwcy5wbGFjZXMudjEuUGxhY2VzLlNlYXJjaFRleHQQAhgEIAA
Brixton Village,empty_chair,empty_chair,André Pierre,"393 Coldharbour Ln, London",SW9 8LQ,Coldharbour Ln,http://www.andre-pierre.com/,+44 7593 001733,info@andre-pierre.com,,ok,no,Hair salon,4.9,800,,ChIJ9xwiu2gEdkgRKelxv5x0DO8,https://maps.google.com/?cid=17225270891360938281&g_mp=Cidnb29nbGUubWFwcy5wbGFjZXMudjEuUGxhY2VzLlNlYXJjaFRleHQQAhgEIAA
Brixton Village,empty_chair,empty_chair,Astelle Beauty Palace,"16 Brixton Station Rd, London",SW9 7PD,Brixton Station Rd,https://sites.google.com/view/astellebeautypalace/,+44 7427 406232,,,none,no,Beauty salon,4.6,21,,ChIJH39u4HQFdkgReb7z_znX-rA,https://maps.google.com/?cid=12752741938960252537&g_mp=Cidnb29nbGUubWFwcy5wbGFjZXMudjEuUGxhY2VzLlNlYXJjaFRleHQQAhgEIAA
Brixton Village,empty_chair,empty_chair,Beauty by Patti,"Within Mazel Beauty, 86 Atlantic Rd, London",SW9 8PX,Atlantic Rd,https://beautybypatti.book.app/book-now,+44 7841 685760,beautybypatti@hotmail.com,,platform,no,Beauty salon,5,67,,ChIJvwxygLoFdkgR2Pc6i-wiKMs,https://maps.google.com/?cid=14638988988111321048&g_mp=Cidnb29nbGUubWFwcy5wbGFjZXMudjEuUGxhY2VzLlNlYXJjaFRleHQQAhgEIAA
Brixton Village,empty_chair,empty_chair,Blue Tit Brixton,"342 Coldharbour Ln, London",SW9 8QH,Coldharbour Ln,https://bluetitlondon.com/salons/brixton/,+44 20 7274 0655,steve@bluetitlondon.com,,ok,no,Hair salon,4.9,663,,ChIJ_9Dlg2UEdkgRl2VSekvtDn4,https://maps.google.com/?cid=9083458406883419543&g_mp=Cidnb29nbGUubWFwcy5wbGFjZXMudjEuUGxhY2VzLlNlYXJjaFRleHQQAhgEIAA
Brixton Village,empty_chair,empty_chair,Brow & Bliss,"Inside Andre Pierre, 393 Coldharbour Ln, London",SW9 8LQ,Coldharbour Ln,,+44 7404 187235,,,no_website,no,Beauty salon,4.9,70,,ChIJfdzw2M4FdkgRr_u0BmPJwXw,https://maps.google.com/?cid=8989687758359690159&g_mp=Cidnb29nbGUubWFwcy5wbGFjZXMudjEuUGxhY2VzLlNlYXJjaFRleHQQAhgEIAA
Brixton Village,empty_chair,empty_chair,Crown and Glory Barbers,"10 Coldharbour Ln, London",SE5 9PR,Coldharbour Ln,,,,,no_website,no,Barber shop,4.5,36,,ChIJ71LIin8EdkgRHu2PuyYC6nk,https://maps.google.com/?cid=8784836388518358302&g_mp=Cidnb29nbGUubWFwcy5wbGFjZXMudjEuUGxhY2VzLlNlYXJjaFRleHQQAhgEIAA
Brixton Village,empty_chair,empty_chair,Curfew Grooming Brixton,"40 Atlantic Rd, London",SW9 8JW,Atlantic Rd,http://www.curfewgrooming.co/,+44 20 3916 5256,info@curfewcompany.com,registration@ico.org.uk,ok,no,Barber shop,4.8,252,,ChIJDQTTEmYEdkgRu8woArGGCBM,https://maps.google.com/?cid=1371494181337877691&g_mp=Cidnb29nbGUubWFwcy5wbGFjZXMudjEuUGxhY2VzLlNlYXJjaFRleHQQAhgEIAA
Brixton Village,empty_chair,empty_chair,DC Studio London,"352 Coldharbour Ln, London",SW9 8QH,Coldharbour Ln,https://www.instagram.com/blowstudiobydc?igsh=bjQ5dnZ6NWoweXpz&utm_source=qr,+44 7393 172056,,,none,no,Nail salon,4.6,36,,ChIJw7-kSJoFdkgRNe0XxJKhrj4,https://maps.google.com/?cid=4516725128026385717&g_mp=Cidnb29nbGUubWFwcy5wbGFjZXMudjEuUGxhY2VzLlNlYXJjaFRleHQQAhgEIAA
Brixton Village,empty_chair,empty_chair,Diako Barbershop,"322 Coldharbour Ln, London",SW9 8QH,Coldharbour Ln,https://www.instagram.com/d_r_barber_shop?igsh=ZTV4ZW40NGwxaDI%3D&utm_source=qr,+44 20 3771 2348,,,none,no,Barber shop,4.9,272,,ChIJrcXoX3QFdkgRbHEK3u-lscI,https://maps.google.com/?cid=14029176763876798828&g_mp=Cidnb29nbGUubWFwcy5wbGFjZXMudjEuUGxhY2VzLlNlYXJjaFRleHQQAhgEIAA
Brixton Village,empty_chair,empty_chair,Elevate,"The Metropolis, 61 Atlantic Rd, London",SW9 8PU,Atlantic Rd,https://www.elevatehairdressing.co.uk/,+44 20 3581 6250,info@elevatehairdressing.co.uk,,ok,no,Hair salon,4.8,844,,ChIJ2Y1nS28EdkgR7Ww8jkRNErM,https://maps.google.com/?cid=12903460839209331949&g_mp=Cidnb29nbGUubWFwcy5wbGFjZXMudjEuUGxhY2VzLlNlYXJjaFRleHQQAhgEIAA
Brixton Village,empty_chair,empty_chair,Esu Hair & Beauty Salon,"72 Atlantic Rd, London",SW9 8PX,Atlantic Rd,,+44 20 7733 0629,,,no_website,no,Beauty salon,4.4,68,,ChIJ9XbuNG8EdkgRRZ0XaZ3Ipzw,https://maps.google.com/?cid=4370682541784931653&g_mp=Cidnb29nbGUubWFwcy5wbGFjZXMudjEuUGxhY2VzLlNlYXJjaFRleHQQAhgEIAA
Brixton Village,empty_chair,empty_chair,FACIAL QUARTERS,"Within Andre Pierre, 393 Coldharbour Ln, London",SW9 8LQ,Coldharbour Ln,https://booksolo.co/facialquarters,+44 7311 382563,team@booksolo.co,rgjam@blueyonder.co.uk,platform,no,Beauty salon,5,13,,ChIJ911y90AFdkgRgNzMzdmQBEs,https://maps.google.com/?cid=5405604717886495872&g_mp=Cidnb29nbGUubWFwcy5wbGFjZXMudjEuUGxhY2VzLlNlYXJjaFRleHQQAhgEIAA
Brixton Village,empty_chair,empty_chair,Gents of Brixton Barbers,"415 Coldharbour Ln, London",SW9 8LH,Coldharbour Ln,http://gentsofbrixtonbarber.com/,+44 20 3340 2909,gentsofbrixton21@gmail.com,,ok,no,Barber shop,4.9,247,,ChIJ9WYeq_MFdkgR2N4v8t1BePw,https://maps.google.com/?cid=18192363116269919960&g_mp=Cidnb29nbGUubWFwcy5wbGFjZXMudjEuUGxhY2VzLlNlYXJjaFRleHQQAhgEIAA
Brixton Village,empty_chair,empty_chair,Heads High Brixton,"54 Atlantic Rd, London",SW9 8PZ,Atlantic Rd,http://www.headshighbrixton.co.uk/,+44 20 7737 7828,bookings@headshighbrixton.co.uk,hello@headshighbrixton.co.uk,ok,no,Hair salon,5,137,,ChIJmx0oaMUFdkgRGHR2tScw5B8,https://maps.google.com/?cid=2298014656972092440&g_mp=Cidnb29nbGUubWFwcy5wbGFjZXMudjEuUGxhY2VzLlNlYXJjaFRleHQQAhgEIAA
Brixton Village,empty_chair,empty_chair,JayJay Barber Shop,"216 Coldharbour Ln, London",SW9 8SA,Coldharbour Ln,,+44 20 4529 0383,,,no_website,no,Barber shop,5,324,,ChIJyS8m5nsFdkgRhgvRt1LACN8,https://maps.google.com/?cid=16071306731775396742&g_mp=Cidnb29nbGUubWFwcy5wbGFjZXMudjEuUGxhY2VzLlNlYXJjaFRleHQQAhgEIAA
Brixton Village,empty_chair,empty_chair,Klassique Barbers London,"81 Atlantic Rd, London",SW9 8PU,Atlantic Rd,,+44 20 7738 6200,,,no_website,no,Barber shop,4.6,98,,ChIJcXWMNm8EdkgRsA0MQRNd878,https://maps.google.com/?cid=13831501217861995952&g_mp=Cidnb29nbGUubWFwcy5wbGFjZXMudjEuUGxhY2VzLlNlYXJjaFRleHQQAhgEIAA
Brixton Village,empty_chair,empty_chair,Luna & Wilde Brixton Biab Nail Salon,"425 Coldharbour Ln, London",SW9 8LH,Coldharbour Ln,https://linktr.ee/lunaandwilde,+44 20 8616 7898,,,none,no,Nail salon,4.8,243,,ChIJu1rjZP0FdkgRg_Q0dRkwge0,https://maps.google.com/?cid=17114012944883315843&g_mp=Cidnb29nbGUubWFwcy5wbGFjZXMudjEuUGxhY2VzLlNlYXJjaFRleHQQAhgEIAA
Brixton Village,empty_chair,empty_chair,Myla and Davis,"431-433 Coldharbour Ln, London",SW9 8LN,Coldharbour Ln,http://www.mylaanddavis.co.uk/,+44 20 3818 0068,weddings@mylaanddavis.co.uk,jose@mylaanddavis.co.uk,ok,no,Hair salon,4.7,159,,ChIJyy2elmgEdkgR1y7UXxWx_J4,https://maps.google.com/?cid=11456226257483869911&g_mp=Cidnb29nbGUubWFwcy5wbGFjZXMudjEuUGxhY2VzLlNlYXJjaFRleHQQAhgEIAA
Brixton Village,empty_chair,empty_chair,NAE2SLAE,"25 Coldharbour Ln, London",SE5 9NR,Coldharbour Ln,,+44 7593 589004,,,no_website,no,Beauty salon,4.9,47,,ChIJC_ORNEEDdkgRA1wJ6zI7YrQ,https://maps.google.com/?cid=12998016564422335491&g_mp=Cidnb29nbGUubWFwcy5wbGFjZXMudjEuUGxhY2VzLlNlYXJjaFRleHQQAhgEIAA
Brixton Village,empty_chair,empty_chair,Nail Spa,"417 Coldharbour Ln, London",SW9 8LF,Coldharbour Ln,http://nailspabrixton.co.uk/,+44 20 7274 2288,gianghuonglily1965@gmail.com,,ok,yes,Beauty salon,2.9,104,,ChIJp8cll2gEdkgR0Cbfg7_u3yQ,https://maps.google.com/?cid=2657104811490485968&g_mp=Cidnb29nbGUubWFwcy5wbGFjZXMudjEuUGxhY2VzLlNlYXJjaFRleHQQAhgEIAA
Brixton Village,empty_chair,empty_chair,Oh LaLa Hair Salon,"The Metropolis, 77 Atlantic Rd, London",SW9 8PU,Atlantic Rd,https://www.treatwell.co.uk/place/ohlala-london/,+44 7915 849934,begona_fernandez@treatwell.co.uk,emma_curry@treatwell.co.uk,platform,no,Hair salon,5,187,,ChIJ_w-MwowFdkgRq3OtycdgDwI,https://maps.google.com/?cid=148443723924861867&g_mp=Cidnb29nbGUubWFwcy5wbGFjZXMudjEuUGxhY2VzLlNlYXJjaFRleHQQAhgEIAA
Brixton Village,empty_chair,empty_chair,Queenty Boss Hair & Beauty Studio,"KIOSK 2, 17 Atlantic Rd, London",SW9 8HX,Atlantic Rd,https://www.queentybosshair.com/,+44 7465 034374,info@queentybosshair.com,,ok,no,Hair salon,4.9,27,,ChIJaXWyy2YFdkgRxk4hnFis0hk,https://maps.google.com/?cid=1860739092633964230&g_mp=Cidnb29nbGUubWFwcy5wbGFjZXMudjEuUGxhY2VzLlNlYXJjaFRleHQQAhgEIAA
Brixton Village,empty_chair,empty_chair,Rama's Hair & Beauty,"16B, Market Row, Coldharbour Ln, London",SW9 8LD,Coldharbour Ln,http://www.ramas.10to8.com/,+44 20 7733 7819,zrasmatou@gmail.com,,platform,no,Hair salon,4.8,103,,ChIJAYMKmmgEdkgRE2CNi8aCOGE,https://maps.google.com/?cid=7005493009631240211&g_mp=Cidnb29nbGUubWFwcy5wbGFjZXMudjEuUGxhY2VzLlNlYXJjaFRleHQQAhgEIAA
Brixton Village,empty_chair,empty_chair,Republic Barbershop,"62 Atlantic Rd, London",SW9 8PY,Atlantic Rd,,+44 7519 361756,,,no_website,no,Barber shop,4.3,6,,ChIJEbGzNZ8FdkgR-j7S7UVkyoA,https://maps.google.com/?cid=9280340233655828218&g_mp=Cidnb29nbGUubWFwcy5wbGFjZXMudjEuUGxhY2VzLlNlYXJjaFRleHQQAhgEIAA
Brixton Village,empty_chair,empty_chair,Sirwans Barbers,"Brixton Village, 47 Coldharbour Ln, London",SW9 8PS,Coldharbour Ln,https://gatoreasy.com/sirwans-barbers-zjelgei,+44 7951 856000,,,none,no,Barber shop,4.9,540,,ChIJ2e0SAmYEdkgRr1aIZjeLgEI,https://maps.google.com/?cid=4791983073581881007&g_mp=Cidnb29nbGUubWFwcy5wbGFjZXMudjEuUGxhY2VzLlNlYXJjaFRleHQQAhgEIAA
Brixton Village,empty_chair,empty_chair,Tula Rose,"6A Coldharbour Ln, London",SE5 9PR,Coldharbour Ln,http://tularose.com/,+44 20 7733 1400,info@tularose.com,,ok,no,Beauty salon,4.9,195,,ChIJz7LQ9X8EdkgRjdMujjhG2Vo,https://maps.google.com/?cid=6546340742077272973&g_mp=Cidnb29nbGUubWFwcy5wbGFjZXMudjEuUGxhY2VzLlNlYXJjaFRleHQQAhgEIAA
Brixton Village,empty_chair,empty_chair,United Cutz Brixton Barber,"30 Atlantic Rd, London",SW9 8JW,Atlantic Rd,,+44 20 3793 4316,,,no_website,no,Barber shop,4.8,127,,ChIJuakNIGYEdkgRRNaOofiWBnM,https://maps.google.com/?cid=8288478158828525124&g_mp=Cidnb29nbGUubWFwcy5wbGFjZXMudjEuUGxhY2VzLlNlYXJjaFRleHQQAhgEIAA
Brixton Village,empty_chair,empty_chair,Victoria Beauty & Aesthetics,"214 Coldharbour Ln, London",SW9 8SA,Coldharbour Ln,,,,,no_website,no,Beauty salon,4.9,55,,ChIJG2NCinwFdkgRWcGkWWq-TGE,https://maps.google.com/?cid=7011188083888800089&g_mp=Cidnb29nbGUubWFwcy5wbGFjZXMudjEuUGxhY2VzLlNlYXJjaFRleHQQAhgEIAA
Brixton Village,empty_chair,empty_chair,Victoria Cole Hair & crown ov glory,"16 Coldharbour Ln, London",SE5 9PR,Coldharbour Ln,http://www.victoriacole.co.uk/,+44 7958 717022,customerservice@victoriacole.co.uk,contact@victoriacole.co.uk,ok,no,Hair salon,3.9,97,,ChIJGUC3i38EdkgRzOoTCfCNA1s,https://maps.google.com/?cid=6558241544465541836&g_mp=Cidnb29nbGUubWFwcy5wbGFjZXMudjEuUGxhY2VzLlNlYXJjaFRleHQQAhgEIAA
Brixton Village,end_of_day_food,end_of_day_food,ALL ROADS BRIXTON,"44 Atlantic Rd, London",SW9 8JN,Atlantic Rd,http://www.allroadsldn.com/,+44 7913 172857,info@allroadsldn.com,,ok,no,Restaurant,4.8,65,,ChIJW6ANzfcFdkgRDeYV_Acg_70,https://maps.google.com/?cid=13690696610895750669&g_mp=Cidnb29nbGUubWFwcy5wbGFjZXMudjEuUGxhY2VzLlNlYXJjaFRleHQQAhgEIAA
Brixton Village,end_of_day_food,end_of_day_food,Arepa & Co Venezuelan Restaurant Brixton,"14B, C, Market Row, London",SW9 8LD,Market Row,https://www.arepaandco.com/pages/brixton-restaurant/?utm_source=GMB&utm_medium=website%20click&utm_campaign=SDM&utm_id=GMB,+44 20 4619 3502,hello@arepaandco.com,,ok,no,Restaurant,4.5,168,,ChIJvc8XWAAFdkgRtom_Oiz97KI,https://maps.google.com/?cid=11740036695054059958&g_mp=Cidnb29nbGUubWFwcy5wbGFjZXMudjEuUGxhY2VzLlNlYXJjaFRleHQQAhgEIAA
Brixton Village,end_of_day_food,end_of_day_food,Atlantic Bakery,"The Metropolis, 67 Atlantic Rd, London",SW9 8PU,Atlantic Rd,,+44 20 7998 8824,,,no_website,no,Bakery,4.5,53,,ChIJoyNUSm8EdkgR1K_JxmNLX9s,https://maps.google.com/?cid=15807436109002682324&g_mp=Cidnb29nbGUubWFwcy5wbGFjZXMudjEuUGxhY2VzLlNlYXJjaFRleHQQAhgEIAA
Brixton Village,end_of_day_food,end_of_day_food,BAD BREW INC.,"82, 84 Coldharbour Ln, London",SE5 9PU,Coldharbour Ln,,,,,no_website,no,Coffee shop,4.8,176,,ChIJb6GKN8oFdkgRZw6CspdBWyI,https://maps.google.com/?cid=2475644539960954471&g_mp=Cidnb29nbGUubWFwcy5wbGFjZXMudjEuUGxhY2VzLlNlYXJjaFRleHQQAhgEIAA
Brixton Village,end_of_day_food,end_of_day_food,Brixton Spritz,"21 Brixton Station Rd, London",SW9 8QQ,Brixton Station Rd,http://www.brixtonspritz.com/,+44 20 3648 2199,info@brixtonspritz.com,,ok,no,Restaurant,4.9,119,,ChIJFx4BHwAFdkgRq_bGAxvg-Jk,https://maps.google.com/?cid=11094864088659326635&g_mp=Cidnb29nbGUubWFwcy5wbGFjZXMudjEuUGxhY2VzLlNlYXJjaFRleHQQAhgEIAA
Brixton Village,end_of_day_food,end_of_day_food,Brixtonia,"19 Brixton Station Rd, London",SW9 8PB,Brixton Station Rd,,+44 7432 227090,,,no_website,no,Cafe,4.8,24,,ChIJ9WToChgFdkgR_44-0v7T-Uk,https://maps.google.com/?cid=5330524725372161791&g_mp=Cidnb29nbGUubWFwcy5wbGFjZXMudjEuUGxhY2VzLlNlYXJjaFRleHQQAhgEIAA
Brixton Village,end_of_day_food,end_of_day_food,COLIBRI RESTAURANT & BAR,"426 Coldharbour Ln, London",SW9 8LF,Coldharbour Ln,,+44 7958 955683,,,no_website,no,Restaurant,4.5,37,,ChIJhRy5kZoFdkgRUS1z8xdVL1g,https://maps.google.com/?cid=6354391160600079697&g_mp=Cidnb29nbGUubWFwcy5wbGFjZXMudjEuUGxhY2VzLlNlYXJjaFRleHQQAhgEIAA
Brixton Village,end_of_day_food,end_of_day_food,Cafe Rio,"30 Brixton Station Rd, London",SW9 8PE,Brixton Station Rd,,+44 20 8765 0533,,,no_website,no,Cafe,4.4,30,,ChIJYZZ0MWYEdkgRnPbmSc_T7dI,https://maps.google.com/?cid=15199037204696856220&g_mp=Cidnb29nbGUubWFwcy5wbGFjZXMudjEuUGxhY2VzLlNlYXJjaFRleHQQAhgEIAA
Brixton Village,end_of_day_food,end_of_day_food,Cantinho Mineiro,"Granville Arcade, Coldharbour Ln, London",SW9 8PS,Coldharbour Ln,,+44 7988 823743,,,no_website,yes,Restaurant,4.7,178,,ChIJHTZz450FdkgRO3tGhl80fCc,https://maps.google.com/?cid=2845206649470614331&g_mp=Cidnb29nbGUubWFwcy5wbGFjZXMudjEuUGxhY2VzLlNlYXJjaFRleHQQAhgEIAA
Brixton Village,end_of_day_food,end_of_day_food,Danclair's Kitchen,"67-68, Granville Arcade, Coldharbour Ln, London",SW9 8PS,Coldharbour Ln,https://danclairskitchenbrixton.co.uk/,+44 20 7733 9800,hello@danclairskitchenbrixton.co.uk,,ok,yes,Restaurant,4.8,156,,ChIJpSpJuOkFdkgRTNgWzwAio6s,https://maps.google.com/?cid=12367766388559239244&g_mp=Cidnb29nbGUubWFwcy5wbGFjZXMudjEuUGxhY2VzLlNlYXJjaFRleHQQAhgEIAA
Brixton Village,end_of_day_food,end_of_day_food,Express Cafe,"15-17 Market Row, London",SW9 8LB,Market Row,,+44 20 7978 8515,,,no_website,no,Coffee shop,4.5,88,,ChIJAYMKmmgEdkgR8bMfQkwp1UM,https://maps.google.com/?cid=4887858378084168689&g_mp=Cidnb29nbGUubWFwcy5wbGFjZXMudjEuUGxhY2VzLlNlYXJjaFRleHQQAhgEIAA
Brixton Village,end_of_day_food,end_of_day_food,F. Mondays Coffee,"436 Coldharbour Ln, London",SW2 1JG,Coldharbour Ln,http://www.fmondayscoffee.com/,,info@fmondayscoffee.com,,ok,no,Coffee shop,4.6,106,,ChIJYT-R-xcFdkgRrmH0y2OONzg,https://maps.google.com/?cid=4050862949117747630&g_mp=Cidnb29nbGUubWFwcy5wbGFjZXMudjEuUGxhY2VzLlNlYXJjaFRleHQQAhgEIAA
Brixton Village,end_of_day_food,end_of_day_food,Four Boroughs - Coldharbour Works,"Four Boroughs, Coldharbour Works, 245a Coldharbour Ln, London",SW9 8RR,Coldharbour Ln,,,,,no_website,no,Coffee shop,4.8,123,,ChIJSXuxcDwFdkgRaE9Zw_fp0NA,https://maps.google.com/?cid=15046783605388431208&g_mp=Cidnb29nbGUubWFwcy5wbGFjZXMudjEuUGxhY2VzLlNlYXJjaFRleHQQAhgEIAA
Brixton Village,end_of_day_food,end_of_day_food,Guzzl,"9, Granville Arcade, Coldharbour Ln, London",SW9 8PR,Coldharbour Ln,http://www.guzzl.club/,+44 20 7346 8811,enquiries@guzzl.club,andrew@guzzl.club,ok,no,Deli,5,24,,ChIJGYz8qGgEdkgRyO7G5cCHNN0,https://maps.google.com/?cid=15939514243729518280&g_mp=Cidnb29nbGUubWFwcy5wbGFjZXMudjEuUGxhY2VzLlNlYXJjaFRleHQQAhgEIAA
Brixton Village,end_of_day_food,end_of_day_food,IRENE,"Coldharbour Ln, London",SW9 8PS,Coldharbour Ln,https://www.irenebakery.co.uk/,+44 20 3659 0585,hello@irenebakery.co.uk,,ok,no,Bakery,4.4,61,,ChIJoxr5r4cFdkgRQfcJW9FRavU,https://maps.google.com/?cid=17684036846441068353&g_mp=Cidnb29nbGUubWFwcy5wbGFjZXMudjEuUGxhY2VzLlNlYXJjaFRleHQQAhgEIAA
Brixton Village,end_of_day_food,end_of_day_food,JOHNNIES,"104, Johnnies Cafe, 106 Coldharbour Ln, London",SE5 9PZ,Coldharbour Ln,,+44 20 3354 0270,,,no_website,no,Cafe,4.7,1821,,ChIJCQA6734EdkgRmiV-EgLZM60,https://maps.google.com/?cid=12480557595297195418&g_mp=Cidnb29nbGUubWFwcy5wbGFjZXMudjEuUGxhY2VzLlNlYXJjaFRleHQQAhgEIAA
Brixton Village,end_of_day_food,end_of_day_food,Kalandula Brixton,"5 Brixton Station Rd, London",SW9 8PA,Brixton Station Rd,https://kalandulabrixton.co.uk/,+44 20 7733 8274,,,none,no,Restaurant,4.6,22,,ChIJ84-rRqcFdkgRkRB5V53Pn48,https://maps.google.com/?cid=10349218743405056145&g_mp=Cidnb29nbGUubWFwcy5wbGFjZXMudjEuUGxhY2VzLlNlYXJjaFRleHQQAhgEIAA
Brixton Village,end_of_day_food,end_of_day_food,LJ Grind,"204 Coldharbour Ln, London",SW9 8SA,Coldharbour Ln,,+44 20 4597 6750,,,no_website,no,Cafe,5,24,,ChIJCb3vp6UFdkgRC05CgJ_WDj0,https://maps.google.com/?cid=4399689866527526411&g_mp=Cidnb29nbGUubWFwcy5wbGFjZXMudjEuUGxhY2VzLlNlYXJjaFRleHQQAhgEIAA
Brixton Village,end_of_day_food,end_of_day_food,La Nonna (Pasta fresca),"7 Market Row, London",SW9 8LB,Market Row,https://www.lanonnaldn.com/?utm_source=GBP.website&utm_medium=GBP&utm_campaign=br11183-website,+44 20 3589 6645,eduardo@lanonnaldn.com,ciao@lanonnaldn.com,ok,no,Italian restaurant,4.6,419,,ChIJAc87YOUFdkgRMNPyR4LIO6k,https://maps.google.com/?cid=12194560877914149680&g_mp=Cidnb29nbGUubWFwcy5wbGFjZXMudjEuUGxhY2VzLlNlYXJjaFRleHQQAhgEIAA
Brixton Village,end_of_day_food,end_of_day_food,La Taberna Del Sabor,"47 Atlantic Rd, London",SW9 8JL,Atlantic Rd,,,,,no_website,no,Restaurant,3.7,3,,ChIJE0IsMAAFdkgR-Mi1d2U6tkk,https://maps.google.com/?cid=5311497018004588792&g_mp=Cidnb29nbGUubWFwcy5wbGFjZXMudjEuUGxhY2VzLlNlYXJjaFRleHQQAhgEIAA
Brixton Village,end_of_day_food,end_of_day_food,Lala Cafe Brixton,"30 Brixton Station Rd, London",SW9 8PE,Brixton Station Rd,,+44 20 8765 0533,,,no_website,no,Cafe,4.7,108,,ChIJ96NMq1oFdkgR1iwCsNI28Vg,https://maps.google.com/?cid=6408964023248891094&g_mp=Cidnb29nbGUubWFwcy5wbGFjZXMudjEuUGxhY2VzLlNlYXJjaFRleHQQAhgEIAA
Brixton Village,end_of_day_food,end_of_day_food,No.61,"The Metropolis, 61 Atlantic Rd, London",SW9 8PU,Atlantic Rd,https://www.instagram.com/no.61brixton/,+44 20 3581 6250,,,none,no,Coffee shop,5,9,,ChIJwXZTXy8FdkgRw9Lqak1DB_0,https://maps.google.com/?cid=18232615616218059459&g_mp=Cidnb29nbGUubWFwcy5wbGFjZXMudjEuUGxhY2VzLlNlYXJjaFRleHQQAhgEIAA
Brixton Village,end_of_day_food,end_of_day_food,Nuvola,"4 Market Row, London",SW9 8LD,Market Row,https://nuvolapizza.co.uk/,+44 7928 527509,nuvolapizzauk@gmail.com,,ok,no,Pizza restaurant,4.9,413,,ChIJRaAWY1cFdkgRQG9_VmA13Ow,https://maps.google.com/?cid=17067575375711661888&g_mp=Cidnb29nbGUubWFwcy5wbGFjZXMudjEuUGxhY2VzLlNlYXJjaFRleHQQAhgEIAA
Brixton Village,end_of_day_food,end_of_day_food,OKAN Brixton East,"338 Coldharbour Ln, London",SW9 8QH,Coldharbour Ln,http://okanlondon.com/,,info@okanlondon.com,,ok,no,Japanese restaurant,4.5,604,,ChIJ5U5qeGUEdkgR0IzkMt4IPEc,https://maps.google.com/?cid=5132987425725123792&g_mp=Cidnb29nbGUubWFwcy5wbGFjZXMudjEuUGxhY2VzLlNlYXJjaFRleHQQAhgEIAA
Brixton Village,end_of_day_food,end_of_day_food,OKAN Brixton Village,"39, Brixton Village, Coldharbour Ln, London",SW9 8PS,Coldharbour Ln,https://okanlondon.com/,+44 20 7326 1180,info@okanlondon.com,,ok,no,Japanese restaurant,4.5,1245,,ChIJS1f5qmgEdkgRuHWqMQ13CfA,https://maps.google.com/?cid=17296486742444635576&g_mp=Cidnb29nbGUubWFwcy5wbGFjZXMudjEuUGxhY2VzLlNlYXJjaFRleHQQAhgEIAA
Brixton Village,end_of_day_food,end_of_day_food,PARISSI,"76 Atlantic Rd, London",SW9 8PX,Atlantic Rd,https://www.parissi.co.uk/,+44 20 7924 9022,info@parissi.co.uk,,ok,no,Cafe,4.6,481,,ChIJn3ZmNG8EdkgRPZBvrtj9iZI,https://maps.google.com/?cid=10559249908428148797&g_mp=Cidnb29nbGUubWFwcy5wbGFjZXMudjEuUGxhY2VzLlNlYXJjaFRleHQQAhgEIAA
Brixton Village,end_of_day_food,end_of_day_food,Pizzarova - Pop Brixton,"Pop Brixton, 49 Brixton Station Rd, London",SW9 8PQ,Brixton Station Rd,https://www.pizzarova.com/locations/brixton/,+44 20 3778 2448,gloucesterroad@pizzarova.com,parkstreet@pizzarova.com,ok,no,Pizza restaurant,4.9,67,,ChIJnetLc24FdkgRWOEAB2gWahk,https://maps.google.com/?cid=1831300834529435992&g_mp=Cidnb29nbGUubWFwcy5wbGFjZXMudjEuUGxhY2VzLlNlYXJjaFRleHQQAhgEIAA
Brixton Village,end_of_day_food,end_of_day_food,Rock Steady Eddie's London,"2a Coldharbour Ln, London",SE5 9PR,Coldharbour Ln,,+44 20 7326 0621,,,no_website,no,Cafe,4.5,265,,ChIJK2K-DoADdkgROUtaUtA_Fgk,https://maps.google.com/?cid=654780959796382521&g_mp=Cidnb29nbGUubWFwcy5wbGFjZXMudjEuUGxhY2VzLlNlYXJjaFRleHQQAhgEIAA
Brixton Village,end_of_day_food,end_of_day_food,Sarava Creperie Bar & Cafe,"41-42, Market, Brixton Village, Coldharbour Ln, London",SW9 8PS,Coldharbour Ln,https://www.instagram.com/saravabrixton/,+44 7909 485431,,,none,no,Dessert shop,4.7,852,,ChIJJfRNomgEdkgRyBeLhezr9Ak,https://maps.google.com/?cid=717457641744046024&g_mp=Cidnb29nbGUubWFwcy5wbGFjZXMudjEuUGxhY2VzLlNlYXJjaFRleHQQAhgEIAA
Brixton Village,end_of_day_food,end_of_day_food,Sendero Specialty Coffee Brixton,"1 Atlantic Rd, London",SW9 8HX,Atlantic Rd,http://www.sendero-coffee.com/,,,,none,no,Coffee shop,4.4,147,,ChIJdRyTKQ0FdkgRQkgiNJ1n388,https://maps.google.com/?cid=14978804810539747394&g_mp=Cidnb29nbGUubWFwcy5wbGFjZXMudjEuUGxhY2VzLlNlYXJjaFRleHQQAhgEIAA
Brixton Village,end_of_day_food,end_of_day_food,Spice & Nice Bakery,"8A Coldharbour Ln, London",SE5 9PR,Coldharbour Ln,,+44 20 7733 2283,,,no_website,no,Bakery,3.4,142,,ChIJGYo2CoADdkgRPNbbSBmMB-M,https://maps.google.com/?cid=16359198211671053884&g_mp=Cidnb29nbGUubWFwcy5wbGFjZXMudjEuUGxhY2VzLlNlYXJjaFRleHQQAhgEIAA
Brixton Village,end_of_day_food,end_of_day_food,The Bread Of Life,"19 Coldharbour Ln, London",SE5 9NR,Coldharbour Ln,http://thebreadoflife.co.uk/,+44 20 7274 9632,syl_bolb@hotmail.co.uk,,ok,no,Restaurant,4.6,237,,ChIJn91af4ADdkgRLN1zh0VtAig,https://maps.google.com/?cid=2882986856863227180&g_mp=Cidnb29nbGUubWFwcy5wbGFjZXMudjEuUGxhY2VzLlNlYXJjaFRleHQQAhgEIAA
Brixton Village,end_of_day_food,end_of_day_food,The Travel Caffé,"228 Coldharbour Ln, London",SW9 8SD,Coldharbour Ln,http://www.thetravelcaffe.uk/,+44 7932 027488,,,none,no,Coffee shop,4.5,30,,ChIJ-9VzxRkFdkgR73zxMJYBB2E,https://maps.google.com/?cid=6991558691093839087&g_mp=Cidnb29nbGUubWFwcy5wbGFjZXMudjEuUGxhY2VzLlNlYXJjaFRleHQQAhgEIAA
Brixton Village,end_of_day_food,end_of_day_food,Viv’s Coffee,"198 Coldharbour Ln, London",SE5 9QH,Coldharbour Ln,,,,,no_website,no,Coffee shop,4.8,196,,ChIJD1U3GgAFdkgRUBYUsb4Svqs,https://maps.google.com/?cid=12375349436284671568&g_mp=Cidnb29nbGUubWFwcy5wbGFjZXMudjEuUGxhY2VzLlNlYXJjaFRleHQQAhgEIAA
Brixton Village,end_of_day_food,end_of_day_food,Whole Beast,"336 Coldharbour Ln, London",SW9 8QH,Coldharbour Ln,https://www.wholebeast.co.uk/,+44 7852 401870,pleasedtomeatyou@wholebeast.co.uk,,ok,no,Restaurant,4.9,79,,ChIJ-_EH5IAFdkgRYGgf3Wr0rXw,https://maps.google.com/?cid=8984105571487541344&g_mp=Cidnb29nbGUubWFwcy5wbGFjZXMudjEuUGxhY2VzLlNlYXJjaFRleHQQAhgEIAA
Clapham Old Town,curated_object,flowers,Birksen,"40 Old Town, London",SW4 0LB,Old Town,http://birksen.com/,+44 20 7622 6466,hello@birksen.com,,ok,no,Florist,4.9,76,,ChIJScg6P60FdkgRJ3OstiLwZrU,https://maps.google.com/?cid=13071399000373752615&g_mp=Cidnb29nbGUubWFwcy5wbGFjZXMudjEuUGxhY2VzLlNlYXJjaFRleHQQAhgEIAA
Clapham Old Town,curated_object,books,ChocoLit,"14 Old Town, London",SW4 0JY,Old Town,http://www.chocolit.co.uk/,,chocolitsw4@gmail.com,,ok,no,Book store,4.9,17,,ChIJT-aLK68FdkgR2lYolnYe6Dk,https://maps.google.com/?cid=4172618549432964826&g_mp=Cidnb29nbGUubWFwcy5wbGFjZXMudjEuUGxhY2VzLlNlYXJjaFRleHQQAhgEIAA
Clapham Old Town,curated_object,books,Clapham Books,"26 The Pavement, London",SW4 0JA,The Pavement,http://www.claphambooks.com/,+44 20 7627 2797,shop@claphambooks.com,shop@hernehillbooks.com,ok,no,Book store,4.8,85,,ChIJkT9wA1IEdkgRElrn9RpkPng,https://maps.google.com/?cid=8664472800064920082&g_mp=Cidnb29nbGUubWFwcy5wbGFjZXMudjEuUGxhY2VzLlNlYXJjaFRleHQQAhgEIAA
Clapham Old Town,curated_object,fashion,Oliver Bonas,"23 The Pavement, London",SW4 0JA,The Pavement,https://www.oliverbonas.com/clapham?utm_source=google&utm_medium=organic&utm_campaign=LPM-London-23_The_Pavement,+44 20 7720 8272,melhardt.monika@gmail.com,curtisbenjamin@aol.com,chain_hq,no,Clothing store,4.5,71,,ChIJO9FVVk0EdkgRqTdBHKNCcig,https://maps.google.com/?cid=2914465177183270825&g_mp=Cidnb29nbGUubWFwcy5wbGFjZXMudjEuUGxhY2VzLlNlYXJjaFRleHQQAhgEIAA
Clapham Old Town,curated_object,charity,Wandsworth Oasis,"45 Old Town, London",SW4 0JL,Old Town,https://www.wandsworthoasis.org.uk/,+44 20 3489 1019,info@wandsworthoasis.org.uk,office@wandsworthoasis.org.uk,ok,yes,Thrift store,4.9,20,,ChIJ2Y96M60FdkgR5-chC6olR7s,https://maps.google.com/?cid=13494796220700420071&g_mp=Cidnb29nbGUubWFwcy5wbGFjZXMudjEuUGxhY2VzLlNlYXJjaFRleHQQAhgEIAA
Clapham Old Town,empty_chair,empty_chair,Anesis Spa,"14 The Pavement, London",SW4 0HY,The Pavement,,,,,no_website,no,Spa,,,,ChIJjbfwYE0EdkgRnt88w9kXNg4,https://maps.google.com/?cid=1024032189324255134&g_mp=Cidnb29nbGUubWFwcy5wbGFjZXMudjEuUGxhY2VzLlNlYXJjaFRleHQQAhgEIAA
Clapham Old Town,empty_chair,empty_chair,Brazilian Soul Beauty - BSB,"36 Bromell's Rd, Old Town, London",SW4 0BN,Old Town,http://www.braziliansoulbeauty.co.uk/,+44 20 4629 1473,info@braziliansoulbeauty.co.uk,hello@braziliansoulbeauty.co.uk,ok,yes,Beauty salon,4.9,717,,ChIJK8FVwFkEdkgRMTCOuNJSfdw,https://maps.google.com/?cid=15887946125425913905&g_mp=Cidnb29nbGUubWFwcy5wbGFjZXMudjEuUGxhY2VzLlNlYXJjaFRleHQQAhgEIAA
Clapham Old Town,empty_chair,empty_chair,Hurly Burly,"13 The Pavement, London",SW4 0HY,The Pavement,http://hurlyburly.co.uk/,+44 20 7720 3666,witcheshut@gmail.com,witcheshut2@gmail.com,ok,no,Hair salon,4.7,280,,ChIJya_EXE0EdkgRhrXmcbrcgpo,https://maps.google.com/?cid=11133703922146260358&g_mp=Cidnb29nbGUubWFwcy5wbGFjZXMudjEuUGxhY2VzLlNlYXJjaFRleHQQAhgEIAA
Clapham Old Town,empty_chair,empty_chair,IMAGES London,"7 The Pavement, London",SW4 0HY,The Pavement,http://images-beauty.co.uk/,+44 20 7622 8711,kc@images-beauty.co.uk,,ok,yes,Beauty salon,4.5,312,,ChIJAwTPZU0EdkgR9btBbdRt4G4,https://maps.google.com/?cid=7989506498088778741&g_mp=Cidnb29nbGUubWFwcy5wbGFjZXMudjEuUGxhY2VzLlNlYXJjaFRleHQQAhgEIAA
Clapham Old Town,empty_chair,empty_chair,Old Town Traditional Barbers,"Sycamore, 8 Old Town, London",SW4 0JY,Old Town,http://oldtowntraditionalbarbers.com/,+44 7940 170425,,,none,no,Barber shop,4.7,98,,ChIJtexwHwUFdkgRqAaCdK7KPdI,https://maps.google.com/?cid=15149487572172015272&g_mp=Cidnb29nbGUubWFwcy5wbGFjZXMudjEuUGxhY2VzLlNlYXJjaFRleHQQAhgEIAA
Clapham Old Town,empty_chair,empty_chair,Sugar Cane Salon,"5 Old Town, London",SW4 0JT,Old Town,http://www.sugarcanesalon.com/,+44 20 7978 1910,contact@sugarcanesalon.com,,ok,no,Beauty salon,4.8,187,,ChIJFWJc7FQDdkgROgV0Y9w0EKw,https://maps.google.com/?cid=12398467895316972858&g_mp=Cidnb29nbGUubWFwcy5wbGFjZXMudjEuUGxhY2VzLlNlYXJjaFRleHQQAhgEIAA
Clapham Old Town,empty_chair,empty_chair,Tribe Clapham,"11 The Pavement, London",SW4 0HY,The Pavement,http://www.tribesalons.co.uk/,+44 20 7498 7771,chislehurst@tribesalons.co.uk,,ok,no,Hair salon,4.8,274,,ChIJGY1QXU0EdkgRvUvgW376AVQ,https://maps.google.com/?cid=6053394794776906685&g_mp=Cidnb29nbGUubWFwcy5wbGFjZXMudjEuUGxhY2VzLlNlYXJjaFRleHQQAhgEIAA
Clapham Old Town,end_of_day_food,end_of_day_food,Blank Street Coffee,"3 The Pavement, London",SW4 0HY,The Pavement,https://www.blankstreet.com/,,hey@blankstreet.com,benbracchi@me.com,chain_hq,no,Coffee shop,4.7,137,,ChIJYX5JeD4FdkgRIYnQh7dccKA,https://maps.google.com/?cid=11560842186787424545&g_mp=Cidnb29nbGUubWFwcy5wbGFjZXMudjEuUGxhY2VzLlNlYXJjaFRleHQQAhgEIAA
Clapham Old Town,end_of_day_food,end_of_day_food,Brew & Barrel,"36A Old Town, London",SW4 0LB,Old Town,https://www.brewandbarrelsw4.com/,+44 7872 317846,admin@brewandbarrel.co.uk,events@brewandbarrel.co.uk,ok,no,Brunch restaurant,4.7,418,,ChIJlURGVFYFdkgRU2hdZLDdSvs,https://maps.google.com/?cid=18107529001464326227&g_mp=Cidnb29nbGUubWFwcy5wbGFjZXMudjEuUGxhY2VzLlNlYXJjaFRleHQQAhgEIAA
Clapham Old Town,end_of_day_food,end_of_day_food,Buddy's Bakery,"M Moen & Sons, 25 The Pavement, London",SW4 0JA,The Pavement,https://www.instagram.com/buddys_deli_bakery?igsh=NHRvOHVlandkY2Mz,+44 7872 317846,,,none,no,Bakery,4.5,94,,ChIJQ9WYHUEFdkgRn5t282QYqQ4,https://maps.google.com/?cid=1056402409455524767&g_mp=Cidnb29nbGUubWFwcy5wbGFjZXMudjEuUGxhY2VzLlNlYXJjaFRleHQQAhgEIAA
Clapham Old Town,end_of_day_food,end_of_day_food,Common,"Common Cafe, 17 The Pavement, London",SW4 0HY,The Pavement,http://www.commonclapham.com/,+44 7342 968459,info@wearecommon.co.uk,,ok,no,Cafe,3.9,371,,ChIJs2RUpO0FdkgRr3MJ9wkveDU,https://maps.google.com/?cid=3852881201061262255&g_mp=Cidnb29nbGUubWFwcy5wbGFjZXMudjEuUGxhY2VzLlNlYXJjaFRleHQQAhgEIAA
Clapham Old Town,end_of_day_food,end_of_day_food,GAIL's Bakery Clapham Old Town,"10-12 Old Town, London",SW4 0JY,Old Town,https://gails.com/pages/clapham-old-town,+44 20 4546 8137,marketing@gailsbread.co.uk,recruitment@gailsbread.co.uk,chain_hq,no,Bakery,4.1,409,,ChIJScceJq0FdkgRgfXhpuFFj8E,https://maps.google.com/?cid=13947443406459499905&g_mp=Cidnb29nbGUubWFwcy5wbGFjZXMudjEuUGxhY2VzLlNlYXJjaFRleHQQAhgEIAA
Clapham Old Town,end_of_day_food,end_of_day_food,Lane Eight Coffee,"6 The Pavement, London",SW4 0HY,The Pavement,https://www.laneeightcoffee.com/,,hello@laneeightcoffee.com,george@laneeightcoffee.com,ok,no,Coffee shop,4.7,229,,ChIJERyylxkFdkgR81_gbvp9paE,https://maps.google.com/?cid=11647854525819150323&g_mp=Cidnb29nbGUubWFwcy5wbGFjZXMudjEuUGxhY2VzLlNlYXJjaFRleHQQAhgEIAA
Clapham Old Town,end_of_day_food,end_of_day_food,Lina Stores Clapham - Italian Restaurant,"22 The Pavement, London",SW4 0HY,The Pavement,https://www.linastores.co.uk/,+44 20 3326 5548,einar@linastores.co.uk,bcannata@locandalocatelli.com,ok,no,Italian restaurant,4.7,641,,ChIJaSqVVPcFdkgRCXBE5f7ihj8,https://maps.google.com/?cid=4577595655664726025&g_mp=Cidnb29nbGUubWFwcy5wbGFjZXMudjEuUGxhY2VzLlNlYXJjaFRleHQQAhgEIAA
Clapham Old Town,end_of_day_food,end_of_day_food,M.Moen & Sons,"24 The Pavement, London",SW4 0JA,The Pavement,http://moen.co.uk/,+44 20 7622 1626,orders@moen.co.uk,christmas@moen.co.uk,ok,no,Butcher shop,4.2,212,,ChIJ-fU8Vk0EdkgRivuciVRHV0I,https://maps.google.com/?cid=4780367957888662410&g_mp=Cidnb29nbGUubWFwcy5wbGFjZXMudjEuUGxhY2VzLlNlYXJjaFRleHQQAhgEIAA
Clapham Old Town,end_of_day_food,end_of_day_food,Margot Green,"34-36 Old Town, London",SW4 0LB,Old Town,https://www.daisygreenfood.com/location-margot,+44 20 3822 0086,prue@daisygreenfood.com,fran@daisygreenfood.com,chain_hq,no,Restaurant,4.6,301,,ChIJCf4S200FdkgR2RxaDBhSb_c,https://maps.google.com/?cid=17829559713023007961&g_mp=Cidnb29nbGUubWFwcy5wbGFjZXMudjEuUGxhY2VzLlNlYXJjaFRleHQQAhgEIAA
Clapham Old Town,end_of_day_food,end_of_day_food,Megan's Clapham Old Town Restaurant (Clapham),"55-57 The Pavement, London",SW4 0JQ,The Pavement,https://megans.co.uk/locations/megans-clapham/,+44 20 3468 0215,sercan@megans.co.uk,vincent@megans.co.uk,ok,no,Mediterranean restaurant,4.6,4291,,ChIJCdydQTwFdkgRLRWkVchU7NQ,https://maps.google.com/?cid=15342731249951446317&g_mp=Cidnb29nbGUubWFwcy5wbGFjZXMudjEuUGxhY2VzLlNlYXJjaFRleHQQAhgEIAA
Clapham Old Town,end_of_day_food,end_of_day_food,Minnow Clapham,"The Pavement Cafe, 21 The Pavement, London",SW4 0HY,The Pavement,https://minnowclapham.co.uk/?utm_source=google&utm_medium=maps,+44 20 7720 4105,info@minnowclapham.co.uk,,ok,no,Restaurant,4.3,1144,,ChIJxcdQV00EdkgRKQX2UVNnheE,https://maps.google.com/?cid=16250508437991327017&g_mp=Cidnb29nbGUubWFwcy5wbGFjZXMudjEuUGxhY2VzLlNlYXJjaFRleHQQAhgEIAA
Clapham Old Town,end_of_day_food,end_of_day_food,Reyes Coffee & Brunch,"6 Old Town, London",SW4 0JY,Old Town,,+44 20 8127 6860,,,no_website,no,Coffee shop,4.5,116,,ChIJYxBA63oFdkgRvt-0T6JDN8Q,https://maps.google.com/?cid=14138843919553978302&g_mp=Cidnb29nbGUubWFwcy5wbGFjZXMudjEuUGxhY2VzLlNlYXJjaFRleHQQAhgEIAA
Clapham Old Town,end_of_day_food,end_of_day_food,Rudy's Pizza Napoletana - Clapham Common,"15 The Pavement, London",SW4 0HY,The Pavement,https://www.rudyspizza.co.uk/location/clapham-common/,+44 20 8165 9965,hannahmay@rudyspizza.co.uk,manchesterancoats@rudyspizza.co.uk,ok,no,Pizza restaurant,4.8,391,,ChIJjQyBfWUFdkgRfUMZPUsg2jY,https://maps.google.com/?cid=3952507130490733437&g_mp=Cidnb29nbGUubWFwcy5wbGFjZXMudjEuUGxhY2VzLlNlYXJjaFRleHQQAhgEIAA
Clapham Old Town,end_of_day_food,end_of_day_food,Slab City Pizza,"8 The Pavement, London",SW4 0HY,The Pavement,https://www.slabcitypizza.co.uk/,+44 20 3340 8491,,,none,no,Pizza restaurant,4.9,419,,ChIJ0x8b0F8FdkgR6_BkIm53B6c,https://maps.google.com/?cid=12035719844078088427&g_mp=Cidnb29nbGUubWFwcy5wbGFjZXMudjEuUGxhY2VzLlNlYXJjaFRleHQQAhgEIAA
Clapham High Street,curated_object,fashion,Lark Clapham,"127 Clapham High St, London",SW4 7SS,Clapham High St,http://www.larklondon.com/,+44 20 7627 0482,hello@larklondon.com,larklondonbuyingteam@gmail.com,ok,yes,Gift shop,4.9,208,,ChIJa1q3XR4FdkgRu0e-xeipRqo,https://maps.google.com/?cid=12269681052032583611&g_mp=Cidnb29nbGUubWFwcy5wbGFjZXMudjEuUGxhY2VzLlNlYXJjaFRleHQQAhgEIAA
Clapham High Street,curated_object,charity,Save The Children,"Bowyer House, 36 Clapham High St, London",SW4 7UR,Clapham High St,https://www.savethechildren.org.uk/,+44 20 7978 2542,elaineburroughs@hotmail.com,josedurquilla@gmail.com,chain_hq,yes,Thrift store,3.9,34,,ChIJKXApTVAEdkgR-RqE9zuzw_4,https://maps.google.com/?cid=18357713576229346041&g_mp=Cidnb29nbGUubWFwcy5wbGFjZXMudjEuUGxhY2VzLlNlYXJjaFRleHQQAhgEIAA
Clapham High Street,empty_chair,empty_chair,@ Clapham Hair and Beauty,"100 Clapham High St, London",SW4 7UL,Clapham High St,http://www.claphamhairandbeauty.com/,,info@claphamhairandbeauty.com,,ok,no,Beauty salon,4.2,19,,ChIJM5NPWOwFdkgRzMKogjcDbt4,https://maps.google.com/?cid=16027751660808356556&g_mp=Cidnb29nbGUubWFwcy5wbGFjZXMudjEuUGxhY2VzLlNlYXJjaFRleHQQAhgEIAA
Clapham High Street,empty_chair,empty_chair,Barber's Team,"Clapham Hair And Beauty, 100 Clapham High St, London",SW4 7UL,Clapham High St,,+44 7464 258599,,,no_website,no,Barber shop,5,14,,ChIJiSKsyGIFdkgR2ooCFaNLeR0,https://maps.google.com/?cid=2123811863086140122&g_mp=Cidnb29nbGUubWFwcy5wbGFjZXMudjEuUGxhY2VzLlNlYXJjaFRleHQQAhgEIAA
Clapham High Street,empty_chair,empty_chair,Be Styled By Chen,"100 Clapham High St, London",SW4 7UL,Clapham High St,http://www.bestyledbychen.com/,+44 7539 249351,bestyledbychen@gmail.com,,ok,no,Hair salon,5,16,,ChIJbbAoTvAFdkgR2_0bUyl03h8,https://maps.google.com/?cid=2296400580842356187&g_mp=Cidnb29nbGUubWFwcy5wbGFjZXMudjEuUGxhY2VzLlNlYXJjaFRleHQQAhgEIAA
Clapham High Street,empty_chair,empty_chair,Beyond The Brush Ldn By Monique,"100 Clapham High St, London",SW4 7UL,Clapham High St,https://www.beyondthebrushldn.com/,+44 7882 937810,beyondthebrushldn@outlook.com,,ok,no,Hair salon,5,20,,ChIJ4Xsi1hcFdkgRBt5J3EWZPwE,https://maps.google.com/?cid=89959042898320902&g_mp=Cidnb29nbGUubWFwcy5wbGFjZXMudjEuUGxhY2VzLlNlYXJjaFRleHQQAhgEIAA
Clapham High Street,empty_chair,empty_chair,Clapham Barbers,"128 Clapham High St, London",SW4 7UH,Clapham High St,https://www.claphambarbers.co.uk/,+44 20 3536 2452,info@claphambarbers.co.uk,,ok,no,Barber shop,4.9,1370,,ChIJfXRHBFIEdkgRgFsoDn3Aq1w,https://maps.google.com/?cid=6677642515847863168&g_mp=Cidnb29nbGUubWFwcy5wbGFjZXMudjEuUGxhY2VzLlNlYXJjaFRleHQQAhgEIAA
Clapham High Street,empty_chair,empty_chair,Danugur Clapham/Stockwell,"Light Centre, 151-153 Clapham High St, London",SW4 7SS,Clapham High St,https://www.danugur.co.uk/,+44 7552 827154,info@danugur.co.uk,info@danugur.com,ok,no,Skin care clinic,3.7,3,,ChIJn4e12SgFdkgRtQ7qidPNxj8,https://maps.google.com/?cid=4595586778213781173&g_mp=Cidnb29nbGUubWFwcy5wbGFjZXMudjEuUGxhY2VzLlNlYXJjaFRleHQQAhgEIAA
Clapham High Street,empty_chair,empty_chair,Headmasters Clapham High Street,"96 Clapham High St, London",SW4 7UL,Clapham High St,https://www.headmasters.com/find-a-salon/clapham-high-street,+44 345 459 7751,marketing@headmasters.com,dev.babooa@headmasters.com,chain_hq,no,Hair salon,4.7,299,,ChIJr2s56lEEdkgR28ABdc7Mh4I,https://maps.google.com/?cid=9405711533884948699&g_mp=Cidnb29nbGUubWFwcy5wbGFjZXMudjEuUGxhY2VzLlNlYXJjaFRleHQQAhgEIAA
Clapham High Street,empty_chair,empty_chair,KC Nails & Beauty,"138 Clapham High St, London",SW4 7UH,Clapham High St,,+44 20 7627 3211,,,no_website,no,Nail salon,4.7,373,,ChIJcUz1OQcFdkgRNLkVCUBKzP0,https://maps.google.com/?cid=18288073825735522612&g_mp=Cidnb29nbGUubWFwcy5wbGFjZXMudjEuUGxhY2VzLlNlYXJjaFRleHQQAhgEIAA
Clapham High Street,empty_chair,empty_chair,Nails First,"Hansford Building 11a, Unit 1 Bedford Rd, Clapham High St, London",SW4 7SH,Clapham High St,https://widget.treatwell.co.uk/place/nails-first-1/,+44 20 3759 7093,desirees@live.co.uk,krosskuts2@hotmail.co.uk,platform,no,Nail salon,4.8,45,,ChIJY4DkNvoFdkgRDYSjq4898qM,https://maps.google.com/?cid=11813572459815470093&g_mp=Cidnb29nbGUubWFwcy5wbGFjZXMudjEuUGxhY2VzLlNlYXJjaFRleHQQAhgEIAA
Clapham High Street,empty_chair,empty_chair,Q For Hair,"3 Clapham High St, London",SW4 7TS,Clapham High St,,+44 20 7627 2306,,,no_website,no,Barber shop,4.7,98,,ChIJUdbgh1AEdkgRz2pXJPkRnbs,https://maps.google.com/?cid=13518981418190334671&g_mp=Cidnb29nbGUubWFwcy5wbGFjZXMudjEuUGxhY2VzLlNlYXJjaFRleHQQAhgEIAA
Clapham High Street,empty_chair,empty_chair,Renesa barbers,"118 Clapham High St, London",SW4 7UH,Clapham High St,,+44 20 3011 1178,,,no_website,no,Barber shop,5,33,,ChIJkwP8HQAFdkgR7zuIqnosv9Q,https://maps.google.com/?cid=15330020561951144943&g_mp=Cidnb29nbGUubWFwcy5wbGFjZXMudjEuUGxhY2VzLlNlYXJjaFRleHQQAhgEIAA
Clapham High Street,empty_chair,empty_chair,Renewable Barbers,"118 Clapham High St, London",SW4 7UH,Clapham High St,,+44 7477 777177,,,no_website,no,Barber shop,,,,ChIJDYY4cwAFdkgROgtmntWZ63A,https://maps.google.com/?cid=8136766294539504442&g_mp=Cidnb29nbGUubWFwcy5wbGFjZXMudjEuUGxhY2VzLlNlYXJjaFRleHQQAhgEIAA
Clapham High Street,empty_chair,empty_chair,SW4 BARBERS,"6 Clapham High St, London",SW4 7UT,Clapham High St,https://sw4barbers.co.uk/,+44 20 8127 6280,sw4barbers@yahoo.com,,ok,no,Barber shop,4.9,153,,ChIJWW4-MIAFdkgROGJ8ofUntTg,https://maps.google.com/?cid=4086216172838347320&g_mp=Cidnb29nbGUubWFwcy5wbGFjZXMudjEuUGxhY2VzLlNlYXJjaFRleHQQAhgEIAA
Clapham High Street,empty_chair,empty_chair,So Me Beauty & Wellness (Clapham North),"21 Clapham High St, London",SW4 7TR,Clapham High St,http://so.me/,+44 20 7720 3330,info@so.me,pr@so.me,platform,no,Beauty salon,4.8,545,,ChIJ6wxjQ1AEdkgRMfIMZi6a_4g,https://maps.google.com/?cid=9871778432290714161&g_mp=Cidnb29nbGUubWFwcy5wbGFjZXMudjEuUGxhY2VzLlNlYXJjaFRleHQQAhgEIAA
Clapham High Street,empty_chair,empty_chair,"Townhouse Nail Salon, Clapham","107 Clapham High St, London",SW4 7TB,Clapham High St,https://townhouse.co.uk/?utm_content=Townhouse%20Clapham%20-%20London&utm_campaign=london&utm_medium=organic_gbp&utm_source=google&utm_term=plcid_15627691894108802149,+44 20 7947 0100,saneilson@googlemail.com,,chain_hq,no,Beauty salon,4.6,97,,ChIJxW9WjLsFdkgR-O_x-IM_Jv4,https://maps.google.com/?cid=18313394770798571512&g_mp=Cidnb29nbGUubWFwcy5wbGFjZXMudjEuUGxhY2VzLlNlYXJjaFRleHQQAhgEIAA
Clapham High Street,empty_chair,empty_chair,Venus Barbers,"105A Clapham High St, London",SW4 7TB,Clapham High St,https://venusbarbersclapham.co.uk/,+44 20 7627 1477,venusbarbersclapham@yahoo.com,venusbarbersclapham@gmail.com,ok,no,Barber shop,4.9,1628,,ChIJxQ_1h00EdkgREHYqo7lOgAY,https://maps.google.com/?cid=468460920459916816&g_mp=Cidnb29nbGUubWFwcy5wbGFjZXMudjEuUGxhY2VzLlNlYXJjaFRleHQQAhgEIAA
Clapham High Street,end_of_day_food,end_of_day_food,Black Sheep Coffee,"155-157 Clapham High St, London",SW4 7SS,Clapham High St,https://blacksheepcoffee.co.uk/blogs/locations/clapham-high-street,+44 20 3988 6994,orders@leavetheherdbehind.com,,chain_hq,no,Food store,4.9,49,,ChIJNfdMJXYFdkgRQqo3OihK-Ac,https://maps.google.com/?cid=574290489125612098&g_mp=Cidnb29nbGUubWFwcy5wbGFjZXMudjEuUGxhY2VzLlNlYXJjaFRleHQQAhgEIAA
Clapham High Street,end_of_day_food,end_of_day_food,Cafe House London,"19A Clapham High St, London",SW4 7TS,Clapham High St,,+44 20 3620 4653,,,no_website,no,Cafe,4.4,116,,ChIJkU-AwlgEdkgROiIYspid5Oc,https://maps.google.com/?cid=16709653796599898682&g_mp=Cidnb29nbGUubWFwcy5wbGFjZXMudjEuUGxhY2VzLlNlYXJjaFRleHQQAhgEIAA
Clapham High Street,end_of_day_food,end_of_day_food,Fireaway Clapham,"82 Clapham High St, London",SW4 7UL,Clapham High St,https://fireaway.co.uk/,+44 20 3342 0838,clive@fireaway.co.uk,,chain_hq,no,Pizza restaurant,4.6,587,,ChIJF7rG8mYFdkgROnZmKh8SYjY,https://maps.google.com/?cid=3918714550830396986&g_mp=Cidnb29nbGUubWFwcy5wbGFjZXMudjEuUGxhY2VzLlNlYXJjaFRleHQQAhgEIAA
Clapham High Street,end_of_day_food,end_of_day_food,La Rueda Italian Social House,"66 Clapham High St, London",SW4 7UL,Clapham High St,https://www.laruedaclapham.co.uk/,+44 20 7627 2173,mktlarueda@gmail.com,,ok,no,Italian restaurant,4.1,953,,ChIJV_qOwFEEdkgRRmVkaeLFxDc,https://maps.google.com/?cid=4018554343742793030&g_mp=Cidnb29nbGUubWFwcy5wbGFjZXMudjEuUGxhY2VzLlNlYXJjaFRleHQQAhgEIAA
Clapham High Street,end_of_day_food,end_of_day_food,Olives + Meze Takeaway,"131 Clapham High St, London",SW4 7SS,Clapham High St,http://www.olivesandmeze.co.uk/,+44 20 3583 7790,contact@olivesandmeze.co.uk,hi@olivesandmeze.co.uk,ok,no,Mediterranean restaurant,4.4,791,,ChIJM4jpB1IEdkgRsldknr7m0gw,https://maps.google.com/?cid=924054579939923890&g_mp=Cidnb29nbGUubWFwcy5wbGFjZXMudjEuUGxhY2VzLlNlYXJjaFRleHQQAhgEIAA
Clapham High Street,end_of_day_food,end_of_day_food,Soul Lounge,"76 Clapham High St, London",SW4 7UL,Clapham High St,https://www.soulloungeldn.com/,+44 7914 687983,soulloungeldn@gmail.com,iaintordinaryevents@gmail.com,ok,no,Restaurant,4.3,902,,ChIJ8bKMDxYFdkgR-cbluWZDN90,https://maps.google.com/?cid=15940283514585728761&g_mp=Cidnb29nbGUubWFwcy5wbGFjZXMudjEuUGxhY2VzLlNlYXJjaFRleHQQAhgEIAA
Clapham High Street,end_of_day_food,end_of_day_food,Tonkotsu Clapham,"153 Clapham High St, London",SW4 7SS,Clapham High St,https://tonkotsu.co.uk/locations/clapham/?keyword?utm_source=google,+44 20 3475 2692,lukasz@tonkotsu.co.uk,james@tonkotsu.co.uk,chain_hq,no,Restaurant,4.8,621,,ChIJ_8cEL6AFdkgRd3c0BNuHt-I,https://maps.google.com/?cid=16336675548047898487&g_mp=Cidnb29nbGUubWFwcy5wbGFjZXMudjEuUGxhY2VzLlNlYXJjaFRleHQQAhgEIAA
Clapham High Street,end_of_day_food,end_of_day_food,Wingstop Clapham,"169 Clapham High St, London",SW4 7SS,Clapham High St,https://www.wingstop.co.uk/?y_source=1_MTA0NTA2NDA0MS03MTUtbG9jYXRpb24ud2Vic2l0ZQ%3D%3D,+44 20 3603 2782,a.rubens93@googlemail.com,,chain_hq,no,Chicken wings restaurant,4.7,1142,,ChIJE34OxkMFdkgRlWsdheGKvTs,https://maps.google.com/?cid=4304749520041634709&g_mp=Cidnb29nbGUubWFwcy5wbGFjZXMudjEuUGxhY2VzLlNlYXJjaFRleHQQAhgEIAA
