query,website,name,cluster,mechanic,track,address,postcode,placeId
booksellercrow.co.uk,http://www.booksellercrow.co.uk/,Bookseller Crow On The Hill,Crystal Palace,curated_object,books,"50 Westow St, London",SE19 3AF,ChIJs_lkhU8BdkgRf-DOG4mUR_w
crystalpalaceflowers.co.uk,https://www.crystalpalaceflowers.co.uk/,Crystal Palace Flowers,Crystal Palace,curated_object,flowers,"The Alma, 95 Church Rd, London",SE19 2TA,ChIJb2wkuukBdkgRYJuhCjroe5U
dsoloclothing.co.uk,http://www.dsoloclothing.co.uk/,D Solos,Crystal Palace,curated_object,fashion,"23 Church Rd, London",SE19 2TE,ChIJ4anSDkUBdkgR4Ct0OF52BXE
marysvintage.co.uk,http://marysvintage.co.uk/,Mary’s Vintage,Crystal Palace,curated_object,fashion,"Haynes Ln, London",SE19 3AN,ChIJi-Uyo08BdkgR5qGExc50boQ
pearlrosejewellers.co.uk,http://pearlrosejewellers.co.uk/,Pearl rose Jewellers,Crystal Palace,curated_object,fashion,"76 Church Rd, London",SE19 2EZ,ChIJ7UYvnEUBdkgR8B5h-k4zdvw
theindigotree.com,http://www.theindigotree.com/,The Indigo Tree,Crystal Palace,curated_object,fashion,"4, Hollybush Terrace, Westow St, London",SE19 3SD,ChIJSQy-7U8BdkgRxR2xyz0r_ac
thesourcingtable.com,https://thesourcingtable.com/,The Sourcing Table,Crystal Palace,curated_object,wine,"67 Westow Hill, London",SE19 1TS,ChIJK6gFMEUBdkgRhEH4-iLXSoE
tinebladbjerg.com,http://tinebladbjerg.com/,Tine Bladbjerg,Crystal Palace,curated_object,fashion,"A L'Etage, 4 Westow Hill, London",SE19 1RX,ChIJq6q7708BdkgR6LHWiWyfUMo
urbancellar.co.uk,https://urbancellar.co.uk/,Urban Cellar,Crystal Palace,curated_object,wine,"48 Church Rd, London",SE19 2ET,ChIJlTtoqUARdkgRFZWvG3BZUtc
bluetitlondon.com,https://bluetitlondon.com/salons/crystal-palace/,Blue Tit Crystal Palace,Crystal Palace,empty_chair,empty_chair,"1 Westow Hill, London",SE19 1TQ,ChIJ23_PNn8BdkgRbTn09RWxJ1E
celinenailscrystalpalace.co.uk,https://www.celinenailscrystalpalace.co.uk/,Celine Nails,Crystal Palace,empty_chair,empty_chair,"Abode London Ltd, 82 Westow Hill, London",SE19 1SB,ChIJ8WworPoBdkgRp4kPbwbh-i0
sumupbookings.com,http://sumupbookings.com/damascus-barbers-limited,Damascus barbers,Crystal Palace,empty_chair,empty_chair,"12 Church Rd, London",SE19 2ET,ChIJ13Z4tYYBdkgRacSXUoV-O74
elysiawellness4me.com,https://elysiawellness4me.com/,Elysia Wellness,Crystal Palace,empty_chair,empty_chair,"Foresters hall, 25-27 Westow St, London",SE19 3RY,ChIJXS9A1IYBdkgRxGDVUTWsm80
gmshair.com,http://www.gmshair.com/,GM's Hair Salon,Crystal Palace,empty_chair,empty_chair,"74 Westow Hill, London",SE19 1SB,ChIJpzQGJUUBdkgR29YglFFPquQ
hayleynails.co.uk,http://hayleynails.co.uk/,Hayley Nails spa,Crystal Palace,empty_chair,empty_chair,"81 Church Rd, London",SE19 2TA,ChIJH51un0UBdkgRvTeZuDl8PpA
headmasters.com,https://www.headmasters.com/find-a-salon/crystal-palace/,Headmasters Crystal Palace,Crystal Palace,empty_chair,empty_chair,"59 Westow Hill, London",SE19 1TS,ChIJA0emKUUBdkgRhxW-2oFZC0Y
off-cutbarbers.com,https://off-cutbarbers.com/crystal-palace,OFF - CUT Crystal Palace,Crystal Palace,empty_chair,empty_chair,"13 Church Rd, London",SE19 2TF,ChIJ81ZfcfABdkgREEsQpXOXrAc
plasterbeauty.com,http://www.plasterbeauty.com/,Plaster Beauty,Crystal Palace,empty_chair,empty_chair,"46 Church Rd, London",SE19 2ET,ChIJB1RhEEUBdkgR2ELVBSfH6nA
revitalize.london,http://revitalize.london/,Revitalize Clinic,Crystal Palace,empty_chair,empty_chair,"Trade Court, 71 Church Rd, London",SE19 2TA,ChIJGeAqIkUBdkgRyotgqy473-I
rush.co.uk,https://www.rush.co.uk/salons/crystal-palace,Rush Hair Crystal Palace,Crystal Palace,empty_chair,empty_chair,"22 Westow Hill, London",SE19 1RX,ChIJi2we-E8BdkgRON5_ZVxZPqg
sharpcrystal.co.uk,https://sharpcrystal.co.uk/,Sharp crystal,Crystal Palace,empty_chair,empty_chair,"Greystoke House, 21 Westow St, London",SE19 3RY,ChIJ9aQPXAABdkgR0KVJTqTSlS0
skintouch.london,http://www.skintouch.london/,Skintouch,Crystal Palace,empty_chair,empty_chair,"77 Church Rd, London",SE19 2TA,ChIJH51un0UBdkgR8-5mcTHvdKM
vbrowsandbeauty.com,https://www.vbrowsandbeauty.com/,V brows & beauty lounge,Crystal Palace,empty_chair,empty_chair,"18 Church Rd, London",SE19 2ET,ChIJf7vTEwMBdkgRuoBNtSndGJs
wellnesslasercentre.com,http://www.wellnesslasercentre.com/,Wellness & Laser Centre - Crystal Palace,Crystal Palace,empty_chair,empty_chair,"64 Church Rd, London",SE19 2EZ,ChIJyVKQnUUBdkgR1PaL64JcZBY
yourstylehairandtanning.co.uk,https://www.yourstylehairandtanning.co.uk/,Your Style Hair & Tanning Boutique,Crystal Palace,empty_chair,empty_chair,"75 Westow Hill, London",SE19 1TX,ChIJqVYyL0UBdkgRZYvDFPM56RQ
56westow.com,https://www.56westow.com/,56 WESTOW,Crystal Palace,end_of_day_food,end_of_day_food,"56 Westow Hill, London",SE19 1RX,ChIJS0NFSmUBdkgR5f1C9WEOfJw
blackbirdbakerylondon.co.uk,http://www.blackbirdbakerylondon.co.uk/,Blackbird Bakery Crystal Palace,Crystal Palace,end_of_day_food,end_of_day_food,"59 Westow St, London",SE19 3RW,ChIJ5ekShkUBdkgRlGhaGzQkgYc
bloomcafecrystalpalace.co.uk,https://bloomcafecrystalpalace.co.uk/,Bloom café crystalpalace,Crystal Palace,end_of_day_food,end_of_day_food,"70 Westow Hill, London",SE19 1SB,ChIJHQKETQEBdkgRu8kpWQgPA7c
brownandgreencafe.com,http://brownandgreencafe.com/,Brown & Green London,Crystal Palace,end_of_day_food,end_of_day_food,"99 Church Rd, London",SE19 2PR,ChIJYxkzkEUBdkgRBa4cmtq2L8s
chabela.co.uk,http://www.chabela.co.uk/,Chabela,Crystal Palace,end_of_day_food,end_of_day_food,"61 Westow St, London",SE19 3RW,ChIJNdHjf08BdkgRaS2dOetmz6w
champagneplusfromage.co.uk,https://champagneplusfromage.co.uk/crystal-palace/,Champagne + Fromage Crystal Palace,Crystal Palace,end_of_day_food,end_of_day_food,"1 Westow St, London",SE19 3RY,ChIJR3dDp2QBdkgRgqEaT7E6_Ks
etude.coffee,http://etude.coffee/,Etude Coffee - London,Crystal Palace,end_of_day_food,end_of_day_food,"87 Church Rd, London",SE19 2TA,ChIJkcP6FN4BdkgRiGNFASN5qyA
fourboroughs.co.uk,http://www.fourboroughs.co.uk/,Four Boroughs,Crystal Palace,end_of_day_food,end_of_day_food,"10 Church Rd, London",SE19 2ET,ChIJg7tVJ0UBdkgRomWuai-QYvY
400rabbits.co.uk,https://www.400rabbits.co.uk/crystalpalace,Four Hundred Rabbits: Pizza Restaurant Crystal Palace,Crystal Palace,end_of_day_food,end_of_day_food,"30-32 Westow St, London",SE19 3AH,ChIJnQnY7E8BdkgRfBKzZDePdrk
gails.com,https://gails.com/pages/crystal-palace,GAIL's Bakery Crystal Palace,Crystal Palace,end_of_day_food,end_of_day_food,"58-60 Westow Hill, London",SE19 1RX,ChIJL2JCMRMBdkgRzhtYLSOLcuw
hopscotchtap.com,https://www.hopscotchtap.com/,HopScotch Taprooms,Crystal Palace,end_of_day_food,end_of_day_food,"54 Westow Hill, London",SE19 1RX,ChIJDbAmZwABdkgRnNaReu18bHo
ivyandthewolf.com,http://www.ivyandthewolf.com/,"Ivy and the Wolf – Plants, Coffee & Nice Things",Crystal Palace,end_of_day_food,end_of_day_food,"Ivy and the Wolf, 61 Westow Hill, London",SE19 1TS,ChIJi_hA_Uun2EcRAmzFw7QD4Jk
kamari.london,http://www.kamari.london/,Kamari The Authentic Greek,Crystal Palace,end_of_day_food,end_of_day_food,"Foresters hall, 25 Westow St, London",SE19 3RY,ChIJk1mtJWEBdkgRFR9IdsSsLBk
lorenzo.uk.com,http://www.lorenzo.uk.com/,Lorenzo of Crystal Palace,Crystal Palace,end_of_day_food,end_of_day_food,"Burapa Thai Restaurant, 73 Westow Hill, London",SE19 1TX,ChIJK_q5KEUBdkgRTFdOUE0kXQ4
barpalazzo.com,https://www.barpalazzo.com/,Palazzo,Crystal Palace,end_of_day_food,end_of_day_food,"3-6 Church Rd, London",SE19 2TF,ChIJL7duNzUBdkgR3SZpPs4f230
phoeniciantaste.co.uk,http://phoeniciantaste.co.uk/,Phoenician,Crystal Palace,end_of_day_food,end_of_day_food,"48 Westow Hill, London",SE19 1RX,ChIJc8OvHAABdkgR1XSwQzDJ3ds
softplaybycch.as.me,https://softplaybycch.as.me/,Softplay by Coffee Cup House,Crystal Palace,end_of_day_food,end_of_day_food,"Libero Court, 18 Westow St, London",SE19 3RX,ChIJK0F1B3ABdkgR87qUwxb72DQ
spinach.london,http://spinach.london/spinachcrystalpalace,Spinach Crystal Palace,Crystal Palace,end_of_day_food,end_of_day_food,"Burapa Thai Restaurant, 69 - 71 Westow Hill, London",SE19 1TX,ChIJW15PNNsBdkgRzLoAofdDd5c
tarorestaurants.uk,https://tarorestaurants.uk/,Taro Crystal Palace,Crystal Palace,end_of_day_food,end_of_day_food,"107 Church Rd, London",SE19 2PR,ChIJG2pYURQBdkgR7j3-xdFYakQ
thefino.co.uk,http://www.thefino.co.uk/,The Fino,Crystal Palace,end_of_day_food,end_of_day_food,"23 Westow Hill, London",SE19 1TQ,ChIJjRUiUgABdkgRt6VStvNWVtw
brothersgreenuk.com,http://www.brothersgreenuk.com/,Brothers Green The Florist,Herne Hill,curated_object,flowers,"4-6 Half Moon Ln, London",SE24 9HU,ChIJazsTkEoFdkgRoSYdM6W04Dk
brothersgreenuk.com,https://brothersgreenuk.com/,Brothers Green Vintage,Herne Hill,curated_object,fashion,"4 Half Moon Ln, London",SE24 9HU,ChIJMbFoacQFdkgReKzUs9DYqSE
claphambooks.com,https://www.claphambooks.com/herne-hill,Herne Hill Books,Herne Hill,curated_object,books,"289 Railton Rd, London",SE24 0LY,ChIJCSCpJnMEdkgRLDbrqeB3B5I
larklondon.com,https://www.larklondon.com/,Lark Herne Hill,Herne Hill,curated_object,fashion,"317 Railton Rd, London",SE24 0JN,ChIJhVH6cd4FdkgRyia2Nx3pbsI
papercatbookshop.co.uk,https://www.papercatbookshop.co.uk/,The Paper Cat Children's Bookshop,Herne Hill,curated_object,books,"25 Half Moon Ln, London",SE24 9JU,ChIJudsopR4FdkgRxoV1IRkEb4I
wildandlees.com,http://www.wildandlees.com/,Wild + Lees,Herne Hill,curated_object,wine,"2 Half Moon Ln, London",SE24 9HU,ChIJD-64OXMEdkgRC456qxynh8Q
aitch.london,https://www.aitch.london/,Aitch SE24,Herne Hill,empty_chair,empty_chair,"22 Half Moon Ln, London",SE24 9HU,ChIJA0IJWnMEdkgRtB_5QdATCxE
clepsydra-barbers.ueniweb.com,https://clepsydra-barbers.ueniweb.com/,Clepsydra Barbers,Herne Hill,empty_chair,empty_chair,"2A Half Moon Ln, London",SE24 9HU,ChIJ4yeI4cYFdkgRMC2EyE2ao5E
fringehernehill.com,http://www.fringehernehill.com/,Fringe Hair Salon,Herne Hill,empty_chair,empty_chair,"19 Half Moon Ln, London",SE24 9JU,ChIJjxarXXMEdkgRQZJytZyKsJQ
mylaanddavis.co.uk,http://www.mylaanddavis.co.uk/,Myla and Davis,Herne Hill,empty_chair,empty_chair,"204 Railton Rd, London",SE24 0JT,ChIJ4-Kb4HIEdkgRlsYvoiVos_I
ourlittlesecrethernehill.com,https://www.ourlittlesecrethernehill.com/,Our Little Secret,Herne Hill,empty_chair,empty_chair,"118 Railton Rd, London",SE24 0JX,ChIJQ1qrenIEdkgRGZoO2UvVbus
arapina.co.uk,https://arapina.co.uk/,Arapina Bakery - Herne Hill Market,Herne Hill,end_of_day_food,end_of_day_food,"Railton Rd, London",SE24 0JN,ChIJd7P8cu0FdkgRkwZisQatl6M
blackbirdbakerylondon.co.uk,http://www.blackbirdbakerylondon.co.uk/,Blackbird Bakery Herne Hill,Herne Hill,end_of_day_food,end_of_day_food,"230 Railton Rd, London",SE24 0JT,ChIJLY9E3nIEdkgRraPhyUlJPsc
christophers-bakery.com,https://www.christophers-bakery.com/,Christopher's,Herne Hill,end_of_day_food,end_of_day_food,"145 Half Moon Ln, London",SE24 9JY,ChIJYcwwmIoDdkgRCC4HcIPpeYM
gailsbread.co.uk,https://gailsbread.co.uk/bakeries/herne-hill/,GAIL's Bakery Herne Hill,Herne Hill,end_of_day_food,end_of_day_food,"214-216 Railton Rd, London",SE24 0JT,ChIJSZfqN_UFdkgRNz00tMa0JX8
kaihungonline.co.uk,http://www.kaihungonline.co.uk/,Kai Hung,Herne Hill,end_of_day_food,end_of_day_food,"88 Railton Rd, London",SE24 0LD,ChIJTVXxdm4EdkgR4ppvLr9O4Ks
koalacoffee.co.uk,http://www.koalacoffee.co.uk/,Koala Coffee & Ice Cream,Herne Hill,end_of_day_food,end_of_day_food,"64 Railton Rd, London",SE24 0LF,ChIJMQkh54IFdkgRtCH3P3FQxBQ
llewelyns-restaurant.co.uk,https://www.llewelyns-restaurant.co.uk/,Llewelyn's,Herne Hill,end_of_day_food,end_of_day_food,"293-295 Railton Rd, London",SE24 0JP,ChIJ35SN4HIEdkgR2J0HhGI6RMo
macatia.co.uk,http://www.macatia.co.uk/,Macatia and Coffee,Herne Hill,end_of_day_food,end_of_day_food,"1A Half Moon Ln, London",SE24 9JU,ChIJOaTXQzYFdkgRoxXKaqVQCH8
minopotterypainting.co.uk,https://www.minopotterypainting.co.uk/,Mino Pottery Painting & Cafe,Herne Hill,end_of_day_food,end_of_day_food,"16 Half Moon Ln, London",SE24 9HU,ChIJf0U5FqEFdkgRewELzcV1YJQ
perksandwhite.com,http://www.perksandwhite.com/,"Perks & White coffee, Herne Hill Station",Herne Hill,end_of_day_food,end_of_day_food,"Station Ticket Hall, Herne Hill, Railton Rd, London",SE24 0JW,ChIJYZdOSd8FdkgRhaN1Xb1louI
perksandwhite.com,https://www.perksandwhite.com/,"Perks & White coffee, Ticket Hall - Herne Hill Station",Herne Hill,end_of_day_food,end_of_day_food,"Ticket Hall, Herne Hill Station, Railton Rd, London",SE24 0JW,ChIJS1N1x8UFdkgRxrB-JT2ocws
sesami.co.uk,http://www.sesami.co.uk/,Sesami,Herne Hill,end_of_day_food,end_of_day_food,"307 Railton Rd, London",SE24 0JN,ChIJ1WQWdlgFdkgRfzf9HS19rsw
west16th.co.uk,https://www.west16th.co.uk/,West 16th,Herne Hill,end_of_day_food,end_of_day_food,"137 Half Moon Ln, London",SE24 9JY,ChIJcS9s55YDdkgRF89wWceXOvY
soloist.ai,https://soloist.ai/ablerebirthrecords,ABLE REBIRTH RECORDS,Brixton Village,curated_object,books,"0 1, Green Man Court, 229 Coldharbour Ln, London",SW9 8RR,ChIJ51yHpd8FdkgRL59IKZvwtoY
lef-beautifulbooks.co.uk,http://lef-beautifulbooks.co.uk/,Beautiful Books,Brixton Village,curated_object,books,"24 Brixton Station Rd, London",SW9 8PD,ChIJq6qqqmcEdkgR2tfsTEIov5I
bookmongers.com,https://bookmongers.com/,BookMongers,Brixton Village,curated_object,books,"439 Coldharbour Ln, London",SW9 8LN,ChIJ1fPOjmgEdkgRRYpRE3705TM
bottleandrye.com,http://www.bottleandrye.com/,Bottle + Rye,Brixton Village,curated_object,wine,"Ground Floor, 404-406 Market Row, London",SW9 8LD,ChIJ30NQAHAFdkgRyEiuSYFeISI
diversegifts.co.uk,http://www.diversegifts.co.uk/,Diverse,Brixton Village,curated_object,fashion,"390 Coldharbour Ln, London",SW9 8LF,ChIJEe-5Sm8EdkgR9ze50_3dJ7I
fullmoondesigns.co.uk,http://fullmoondesigns.co.uk/,Full Moon Designs,Brixton Village,curated_object,fashion,"8, Brixton Village, First Avenue, London",SW9 8PR,ChIJZcf8qGgEdkgRriN3xuKHP08
ghostwhalelondon.com,http://www.ghostwhalelondon.com/,Ghost Whale,Brixton Village,curated_object,wine,"70 Atlantic Rd, London",SW9 8PX,ChIJ09CeNW8EdkgR5JUbLsXdylg
lalunelondon.com,http://lalunelondon.com/,Lalune London,Brixton Village,curated_object,fashion,"Lalune, 24 Market Row, London",SW9 8LB,ChIJy6FSmoup2EcRUYrFLM0dels
rachelandmalikas.com,http://www.rachelandmalikas.com/,Rachel & Malika's,Brixton Village,curated_object,fashion,"Granville Arcade, Coldharbour Ln, London",SW9 8PR,ChIJxy6Lq2gEdkgRLu6IXLr7KNc
roundtablebooks.co.uk,http://roundtablebooks.co.uk/,Round Table Books,Brixton Village,curated_object,books,"Brixton Village, 10-11 Granville Arcade, Coldharbour Ln, London",SW9 8PR,ChIJjYfNROgFdkgRU8pS_rm186U
403barberlane.com,https://www.403barberlane.com/,403 Barber Lane Brixton,Brixton Village,empty_chair,empty_chair,"403 Coldharbour Ln, London",SW9 8LQ,ChIJA6MWGOwFdkgRPada2ERm6d4
amathesalon.com,http://www.amathesalon.com/,Ama (Brixton),Brixton Village,empty_chair,empty_chair,"Gresham Cafe, 340 Coldharbour Ln, London",SW9 8QH,ChIJj3ETAi0FdkgR4_tnqN1JaOw
andre-pierre.com,http://www.andre-pierre.com/,André Pierre,Brixton Village,empty_chair,empty_chair,"393 Coldharbour Ln, London",SW9 8LQ,ChIJ9xwiu2gEdkgRKelxv5x0DO8
sites.google.com,https://sites.google.com/view/astellebeautypalace/,Astelle Beauty Palace,Brixton Village,empty_chair,empty_chair,"16 Brixton Station Rd, London",SW9 7PD,ChIJH39u4HQFdkgReb7z_znX-rA
beautybypatti.book.app,https://beautybypatti.book.app/book-now,Beauty by Patti,Brixton Village,empty_chair,empty_chair,"Within Mazel Beauty, 86 Atlantic Rd, London",SW9 8PX,ChIJvwxygLoFdkgR2Pc6i-wiKMs
bluetitlondon.com,https://bluetitlondon.com/salons/brixton/,Blue Tit Brixton,Brixton Village,empty_chair,empty_chair,"342 Coldharbour Ln, London",SW9 8QH,ChIJ_9Dlg2UEdkgRl2VSekvtDn4
curfewgrooming.co,http://www.curfewgrooming.co/,Curfew Grooming Brixton,Brixton Village,empty_chair,empty_chair,"40 Atlantic Rd, London",SW9 8JW,ChIJDQTTEmYEdkgRu8woArGGCBM
elevatehairdressing.co.uk,https://www.elevatehairdressing.co.uk/,Elevate,Brixton Village,empty_chair,empty_chair,"The Metropolis, 61 Atlantic Rd, London",SW9 8PU,ChIJ2Y1nS28EdkgR7Ww8jkRNErM
booksolo.co,https://booksolo.co/facialquarters,FACIAL QUARTERS,Brixton Village,empty_chair,empty_chair,"Within Andre Pierre, 393 Coldharbour Ln, London",SW9 8LQ,ChIJ911y90AFdkgRgNzMzdmQBEs
gentsofbrixtonbarber.com,http://gentsofbrixtonbarber.com/,Gents of Brixton Barbers,Brixton Village,empty_chair,empty_chair,"415 Coldharbour Ln, London",SW9 8LH,ChIJ9WYeq_MFdkgR2N4v8t1BePw
headshighbrixton.co.uk,http://www.headshighbrixton.co.uk/,Heads High Brixton,Brixton Village,empty_chair,empty_chair,"54 Atlantic Rd, London",SW9 8PZ,ChIJmx0oaMUFdkgRGHR2tScw5B8
mylaanddavis.co.uk,http://www.mylaanddavis.co.uk/,Myla and Davis,Brixton Village,empty_chair,empty_chair,"431-433 Coldharbour Ln, London",SW9 8LN,ChIJyy2elmgEdkgR1y7UXxWx_J4
nailspabrixton.co.uk,http://nailspabrixton.co.uk/,Nail Spa,Brixton Village,empty_chair,empty_chair,"417 Coldharbour Ln, London",SW9 8LF,ChIJp8cll2gEdkgR0Cbfg7_u3yQ
treatwell.co.uk,https://www.treatwell.co.uk/place/ohlala-london/,Oh LaLa Hair Salon,Brixton Village,empty_chair,empty_chair,"The Metropolis, 77 Atlantic Rd, London",SW9 8PU,ChIJ_w-MwowFdkgRq3OtycdgDwI
queentybosshair.com,https://www.queentybosshair.com/,Queenty Boss Hair & Beauty Studio,Brixton Village,empty_chair,empty_chair,"KIOSK 2, 17 Atlantic Rd, London",SW9 8HX,ChIJaXWyy2YFdkgRxk4hnFis0hk
ramas.10to8.com,http://www.ramas.10to8.com/,Rama's Hair & Beauty,Brixton Village,empty_chair,empty_chair,"16B, Market Row, Coldharbour Ln, London",SW9 8LD,ChIJAYMKmmgEdkgRE2CNi8aCOGE
gatoreasy.com,https://gatoreasy.com/sirwans-barbers-zjelgei,Sirwans Barbers,Brixton Village,empty_chair,empty_chair,"Brixton Village, 47 Coldharbour Ln, London",SW9 8PS,ChIJ2e0SAmYEdkgRr1aIZjeLgEI
tularose.com,http://tularose.com/,Tula Rose,Brixton Village,empty_chair,empty_chair,"6A Coldharbour Ln, London",SE5 9PR,ChIJz7LQ9X8EdkgRjdMujjhG2Vo
victoriacole.co.uk,http://www.victoriacole.co.uk/,Victoria Cole Hair & crown ov glory,Brixton Village,empty_chair,empty_chair,"16 Coldharbour Ln, London",SE5 9PR,ChIJGUC3i38EdkgRzOoTCfCNA1s
allroadsldn.com,http://www.allroadsldn.com/,ALL ROADS BRIXTON,Brixton Village,end_of_day_food,end_of_day_food,"44 Atlantic Rd, London",SW9 8JN,ChIJW6ANzfcFdkgRDeYV_Acg_70
arepaandco.com,https://www.arepaandco.com/pages/brixton-restaurant/?utm_source=GMB&utm_medium=website%20click&utm_campaign=SDM&utm_id=GMB,Arepa & Co Venezuelan Restaurant Brixton,Brixton Village,end_of_day_food,end_of_day_food,"14B, C, Market Row, London",SW9 8LD,ChIJvc8XWAAFdkgRtom_Oiz97KI
brixtonspritz.com,http://www.brixtonspritz.com/,Brixton Spritz,Brixton Village,end_of_day_food,end_of_day_food,"21 Brixton Station Rd, London",SW9 8QQ,ChIJFx4BHwAFdkgRq_bGAxvg-Jk
danclairskitchenbrixton.co.uk,https://danclairskitchenbrixton.co.uk/,Danclair's Kitchen,Brixton Village,end_of_day_food,end_of_day_food,"67-68, Granville Arcade, Coldharbour Ln, London",SW9 8PS,ChIJpSpJuOkFdkgRTNgWzwAio6s
fmondayscoffee.com,http://www.fmondayscoffee.com/,F. Mondays Coffee,Brixton Village,end_of_day_food,end_of_day_food,"436 Coldharbour Ln, London",SW2 1JG,ChIJYT-R-xcFdkgRrmH0y2OONzg
guzzl.club,http://www.guzzl.club/,Guzzl,Brixton Village,end_of_day_food,end_of_day_food,"9, Granville Arcade, Coldharbour Ln, London",SW9 8PR,ChIJGYz8qGgEdkgRyO7G5cCHNN0
irenebakery.co.uk,https://www.irenebakery.co.uk/,IRENE,Brixton Village,end_of_day_food,end_of_day_food,"Coldharbour Ln, London",SW9 8PS,ChIJoxr5r4cFdkgRQfcJW9FRavU
kalandulabrixton.co.uk,https://kalandulabrixton.co.uk/,Kalandula Brixton,Brixton Village,end_of_day_food,end_of_day_food,"5 Brixton Station Rd, London",SW9 8PA,ChIJ84-rRqcFdkgRkRB5V53Pn48
lanonnaldn.com,https://www.lanonnaldn.com/?utm_source=GBP.website&utm_medium=GBP&utm_campaign=br11183-website,La Nonna (Pasta fresca),Brixton Village,end_of_day_food,end_of_day_food,"7 Market Row, London",SW9 8LB,ChIJAc87YOUFdkgRMNPyR4LIO6k
nuvolapizza.co.uk,https://nuvolapizza.co.uk/,Nuvola,Brixton Village,end_of_day_food,end_of_day_food,"4 Market Row, London",SW9 8LD,ChIJRaAWY1cFdkgRQG9_VmA13Ow
okanlondon.com,http://okanlondon.com/,OKAN Brixton East,Brixton Village,end_of_day_food,end_of_day_food,"338 Coldharbour Ln, London",SW9 8QH,ChIJ5U5qeGUEdkgR0IzkMt4IPEc
okanlondon.com,https://okanlondon.com/,OKAN Brixton Village,Brixton Village,end_of_day_food,end_of_day_food,"39, Brixton Village, Coldharbour Ln, London",SW9 8PS,ChIJS1f5qmgEdkgRuHWqMQ13CfA
parissi.co.uk,https://www.parissi.co.uk/,PARISSI,Brixton Village,end_of_day_food,end_of_day_food,"76 Atlantic Rd, London",SW9 8PX,ChIJn3ZmNG8EdkgRPZBvrtj9iZI
pizzarova.com,https://www.pizzarova.com/locations/brixton/,Pizzarova - Pop Brixton,Brixton Village,end_of_day_food,end_of_day_food,"Pop Brixton, 49 Brixton Station Rd, London",SW9 8PQ,ChIJnetLc24FdkgRWOEAB2gWahk
sendero-coffee.com,http://www.sendero-coffee.com/,Sendero Specialty Coffee Brixton,Brixton Village,end_of_day_food,end_of_day_food,"1 Atlantic Rd, London",SW9 8HX,ChIJdRyTKQ0FdkgRQkgiNJ1n388
thebreadoflife.co.uk,http://thebreadoflife.co.uk/,The Bread Of Life,Brixton Village,end_of_day_food,end_of_day_food,"19 Coldharbour Ln, London",SE5 9NR,ChIJn91af4ADdkgRLN1zh0VtAig
thetravelcaffe.uk,http://www.thetravelcaffe.uk/,The Travel Caffé,Brixton Village,end_of_day_food,end_of_day_food,"228 Coldharbour Ln, London",SW9 8SD,ChIJ-9VzxRkFdkgR73zxMJYBB2E
wholebeast.co.uk,https://www.wholebeast.co.uk/,Whole Beast,Brixton Village,end_of_day_food,end_of_day_food,"336 Coldharbour Ln, London",SW9 8QH,ChIJ-_EH5IAFdkgRYGgf3Wr0rXw
birksen.com,http://birksen.com/,Birksen,Clapham Old Town,curated_object,flowers,"40 Old Town, London",SW4 0LB,ChIJScg6P60FdkgRJ3OstiLwZrU
chocolit.co.uk,http://www.chocolit.co.uk/,ChocoLit,Clapham Old Town,curated_object,books,"14 Old Town, London",SW4 0JY,ChIJT-aLK68FdkgR2lYolnYe6Dk
claphambooks.com,http://www.claphambooks.com/,Clapham Books,Clapham Old Town,curated_object,books,"26 The Pavement, London",SW4 0JA,ChIJkT9wA1IEdkgRElrn9RpkPng
oliverbonas.com,https://www.oliverbonas.com/clapham?utm_source=google&utm_medium=organic&utm_campaign=LPM-London-23_The_Pavement,Oliver Bonas,Clapham Old Town,curated_object,fashion,"23 The Pavement, London",SW4 0JA,ChIJO9FVVk0EdkgRqTdBHKNCcig
wandsworthoasis.org.uk,https://www.wandsworthoasis.org.uk/,Wandsworth Oasis,Clapham Old Town,curated_object,charity,"45 Old Town, London",SW4 0JL,ChIJ2Y96M60FdkgR5-chC6olR7s
braziliansoulbeauty.co.uk,http://www.braziliansoulbeauty.co.uk/,Brazilian Soul Beauty - BSB,Clapham Old Town,empty_chair,empty_chair,"36 Bromell's Rd, Old Town, London",SW4 0BN,ChIJK8FVwFkEdkgRMTCOuNJSfdw
hurlyburly.co.uk,http://hurlyburly.co.uk/,Hurly Burly,Clapham Old Town,empty_chair,empty_chair,"13 The Pavement, London",SW4 0HY,ChIJya_EXE0EdkgRhrXmcbrcgpo
images-beauty.co.uk,http://images-beauty.co.uk/,IMAGES London,Clapham Old Town,empty_chair,empty_chair,"7 The Pavement, London",SW4 0HY,ChIJAwTPZU0EdkgR9btBbdRt4G4
oldtowntraditionalbarbers.com,http://oldtowntraditionalbarbers.com/,Old Town Traditional Barbers,Clapham Old Town,empty_chair,empty_chair,"Sycamore, 8 Old Town, London",SW4 0JY,ChIJtexwHwUFdkgRqAaCdK7KPdI
sugarcanesalon.com,http://www.sugarcanesalon.com/,Sugar Cane Salon,Clapham Old Town,empty_chair,empty_chair,"5 Old Town, London",SW4 0JT,ChIJFWJc7FQDdkgROgV0Y9w0EKw
tribesalons.co.uk,http://www.tribesalons.co.uk/,Tribe Clapham,Clapham Old Town,empty_chair,empty_chair,"11 The Pavement, London",SW4 0HY,ChIJGY1QXU0EdkgRvUvgW376AVQ
blankstreet.com,https://www.blankstreet.com/,Blank Street Coffee,Clapham Old Town,end_of_day_food,end_of_day_food,"3 The Pavement, London",SW4 0HY,ChIJYX5JeD4FdkgRIYnQh7dccKA
brewandbarrelsw4.com,https://www.brewandbarrelsw4.com/,Brew & Barrel,Clapham Old Town,end_of_day_food,end_of_day_food,"36A Old Town, London",SW4 0LB,ChIJlURGVFYFdkgRU2hdZLDdSvs
commonclapham.com,http://www.commonclapham.com/,Common,Clapham Old Town,end_of_day_food,end_of_day_food,"Common Cafe, 17 The Pavement, London",SW4 0HY,ChIJs2RUpO0FdkgRr3MJ9wkveDU
gails.com,https://gails.com/pages/clapham-old-town,GAIL's Bakery Clapham Old Town,Clapham Old Town,end_of_day_food,end_of_day_food,"10-12 Old Town, London",SW4 0JY,ChIJScceJq0FdkgRgfXhpuFFj8E
laneeightcoffee.com,https://www.laneeightcoffee.com/,Lane Eight Coffee,Clapham Old Town,end_of_day_food,end_of_day_food,"6 The Pavement, London",SW4 0HY,ChIJERyylxkFdkgR81_gbvp9paE
linastores.co.uk,https://www.linastores.co.uk/,Lina Stores Clapham - Italian Restaurant,Clapham Old Town,end_of_day_food,end_of_day_food,"22 The Pavement, London",SW4 0HY,ChIJaSqVVPcFdkgRCXBE5f7ihj8
moen.co.uk,http://moen.co.uk/,M.Moen & Sons,Clapham Old Town,end_of_day_food,end_of_day_food,"24 The Pavement, London",SW4 0JA,ChIJ-fU8Vk0EdkgRivuciVRHV0I
daisygreenfood.com,https://www.daisygreenfood.com/location-margot,Margot Green,Clapham Old Town,end_of_day_food,end_of_day_food,"34-36 Old Town, London",SW4 0LB,ChIJCf4S200FdkgR2RxaDBhSb_c
megans.co.uk,https://megans.co.uk/locations/megans-clapham/,Megan's Clapham Old Town Restaurant (Clapham),Clapham Old Town,end_of_day_food,end_of_day_food,"55-57 The Pavement, London",SW4 0JQ,ChIJCdydQTwFdkgRLRWkVchU7NQ
minnowclapham.co.uk,https://minnowclapham.co.uk/?utm_source=google&utm_medium=maps,Minnow Clapham,Clapham Old Town,end_of_day_food,end_of_day_food,"The Pavement Cafe, 21 The Pavement, London",SW4 0HY,ChIJxcdQV00EdkgRKQX2UVNnheE
rudyspizza.co.uk,https://www.rudyspizza.co.uk/location/clapham-common/,Rudy's Pizza Napoletana - Clapham Common,Clapham Old Town,end_of_day_food,end_of_day_food,"15 The Pavement, London",SW4 0HY,ChIJjQyBfWUFdkgRfUMZPUsg2jY
slabcitypizza.co.uk,https://www.slabcitypizza.co.uk/,Slab City Pizza,Clapham Old Town,end_of_day_food,end_of_day_food,"8 The Pavement, London",SW4 0HY,ChIJ0x8b0F8FdkgR6_BkIm53B6c
larklondon.com,http://www.larklondon.com/,Lark Clapham,Clapham High Street,curated_object,fashion,"127 Clapham High St, London",SW4 7SS,ChIJa1q3XR4FdkgRu0e-xeipRqo
savethechildren.org.uk,https://www.savethechildren.org.uk/,Save The Children,Clapham High Street,curated_object,charity,"Bowyer House, 36 Clapham High St, London",SW4 7UR,ChIJKXApTVAEdkgR-RqE9zuzw_4
claphamhairandbeauty.com,http://www.claphamhairandbeauty.com/,@ Clapham Hair and Beauty,Clapham High Street,empty_chair,empty_chair,"100 Clapham High St, London",SW4 7UL,ChIJM5NPWOwFdkgRzMKogjcDbt4
bestyledbychen.com,http://www.bestyledbychen.com/,Be Styled By Chen,Clapham High Street,empty_chair,empty_chair,"100 Clapham High St, London",SW4 7UL,ChIJbbAoTvAFdkgR2_0bUyl03h8
beyondthebrushldn.com,https://www.beyondthebrushldn.com/,Beyond The Brush Ldn By Monique,Clapham High Street,empty_chair,empty_chair,"100 Clapham High St, London",SW4 7UL,ChIJ4Xsi1hcFdkgRBt5J3EWZPwE
claphambarbers.co.uk,https://www.claphambarbers.co.uk/,Clapham Barbers,Clapham High Street,empty_chair,empty_chair,"128 Clapham High St, London",SW4 7UH,ChIJfXRHBFIEdkgRgFsoDn3Aq1w
danugur.co.uk,https://www.danugur.co.uk/,Danugur Clapham/Stockwell,Clapham High Street,empty_chair,empty_chair,"Light Centre, 151-153 Clapham High St, London",SW4 7SS,ChIJn4e12SgFdkgRtQ7qidPNxj8
headmasters.com,https://www.headmasters.com/find-a-salon/clapham-high-street,Headmasters Clapham High Street,Clapham High Street,empty_chair,empty_chair,"96 Clapham High St, London",SW4 7UL,ChIJr2s56lEEdkgR28ABdc7Mh4I
widget.treatwell.co.uk,https://widget.treatwell.co.uk/place/nails-first-1/,Nails First,Clapham High Street,empty_chair,empty_chair,"Hansford Building 11a, Unit 1 Bedford Rd, Clapham High St, London",SW4 7SH,ChIJY4DkNvoFdkgRDYSjq4898qM
sw4barbers.co.uk,https://sw4barbers.co.uk/,SW4 BARBERS,Clapham High Street,empty_chair,empty_chair,"6 Clapham High St, London",SW4 7UT,ChIJWW4-MIAFdkgROGJ8ofUntTg
so.me,http://so.me/,So Me Beauty & Wellness (Clapham North),Clapham High Street,empty_chair,empty_chair,"21 Clapham High St, London",SW4 7TR,ChIJ6wxjQ1AEdkgRMfIMZi6a_4g
townhouse.co.uk,https://townhouse.co.uk/?utm_content=Townhouse%20Clapham%20-%20London&utm_campaign=london&utm_medium=organic_gbp&utm_source=google&utm_term=plcid_15627691894108802149,"Townhouse Nail Salon, Clapham",Clapham High Street,empty_chair,empty_chair,"107 Clapham High St, London",SW4 7TB,ChIJxW9WjLsFdkgR-O_x-IM_Jv4
venusbarbersclapham.co.uk,https://venusbarbersclapham.co.uk/,Venus Barbers,Clapham High Street,empty_chair,empty_chair,"105A Clapham High St, London",SW4 7TB,ChIJxQ_1h00EdkgREHYqo7lOgAY
blacksheepcoffee.co.uk,https://blacksheepcoffee.co.uk/blogs/locations/clapham-high-street,Black Sheep Coffee,Clapham High Street,end_of_day_food,end_of_day_food,"155-157 Clapham High St, London",SW4 7SS,ChIJNfdMJXYFdkgRQqo3OihK-Ac
fireaway.co.uk,https://fireaway.co.uk/,Fireaway Clapham,Clapham High Street,end_of_day_food,end_of_day_food,"82 Clapham High St, London",SW4 7UL,ChIJF7rG8mYFdkgROnZmKh8SYjY
laruedaclapham.co.uk,https://www.laruedaclapham.co.uk/,La Rueda Italian Social House,Clapham High Street,end_of_day_food,end_of_day_food,"66 Clapham High St, London",SW4 7UL,ChIJV_qOwFEEdkgRRmVkaeLFxDc
olivesandmeze.co.uk,http://www.olivesandmeze.co.uk/,Olives + Meze Takeaway,Clapham High Street,end_of_day_food,end_of_day_food,"131 Clapham High St, London",SW4 7SS,ChIJM4jpB1IEdkgRsldknr7m0gw
soulloungeldn.com,https://www.soulloungeldn.com/,Soul Lounge,Clapham High Street,end_of_day_food,end_of_day_food,"76 Clapham High St, London",SW4 7UL,ChIJ8bKMDxYFdkgR-cbluWZDN90
tonkotsu.co.uk,https://tonkotsu.co.uk/locations/clapham/?keyword?utm_source=google,Tonkotsu Clapham,Clapham High Street,end_of_day_food,end_of_day_food,"153 Clapham High St, London",SW4 7SS,ChIJ_8cEL6AFdkgRd3c0BNuHt-I
wingstop.co.uk,https://www.wingstop.co.uk/?y_source=1_MTA0NTA2NDA0MS03MTUtbG9jYXRpb24ud2Vic2l0ZQ%3D%3D,Wingstop Clapham,Clapham High Street,end_of_day_food,end_of_day_food,"169 Clapham High St, London",SW4 7SS,ChIJE34OxkMFdkgRlWsdheGKvTs
