cluster,mechanic,track,name,email,email_alt,phone,website,instagram,facebook,whatsapp,address,postcode,street,type,note,placeId,google_maps
Crystal Palace,curated_object,books,Bookseller Crow On The Hill,jonathan@booksellercrow.co.uk,scribblingcrow@hotmail.com,+44 20 8771 8831,http://www.booksellercrow.co.uk/,https://instagram.com/booksellercrow,https://www.facebook.com/booksellercrow,,"50 Westow St, London",SE19 3AF,Westow St,Book store,,ChIJs_lkhU8BdkgRf-DOG4mUR_w,https://maps.google.com/?cid=18178661737502269567&g_mp=Cidnb29nbGUubWFwcy5wbGFjZXMudjEuUGxhY2VzLlNlYXJjaFRleHQQAhgEIAA
Crystal Palace,curated_object,flowers,Crystal Palace Flowers,info@crystalpalaceflowers.co.uk,,+44 7930 348028,https://www.crystalpalaceflowers.co.uk/,,https://www.facebook.com/1907959006144596,https://wa.me/447930348028,"The Alma, 95 Church Rd, London",SE19 2TA,Church Rd,Florist,,ChIJb2wkuukBdkgRYJuhCjroe5U,https://maps.google.com/?cid=10771458269770783584&g_mp=Cidnb29nbGUubWFwcy5wbGFjZXMudjEuUGxhY2VzLlNlYXJjaFRleHQQAhgEIAA
Crystal Palace,curated_object,fashion,D Solos,dsoloclothing@hotmail.com,,+44 20 8653 7585,http://www.dsoloclothing.co.uk/,https://www.instagram.com/dsolos,,,"23 Church Rd, London",SE19 2TE,Church Rd,Clothing store,,ChIJ4anSDkUBdkgR4Ct0OF52BXE,https://maps.google.com/?cid=8144045648215550944&g_mp=Cidnb29nbGUubWFwcy5wbGFjZXMudjEuUGxhY2VzLlNlYXJjaFRleHQQAhgEIAA
Crystal Palace,curated_object,fashion,Pearl rose Jewellers,pearlrosejewellers@gmail.com,,+44 7904 563807,http://pearlrosejewellers.co.uk/,,,https://wa.me/447904563807,"76 Church Rd, London",SE19 2EZ,Church Rd,Jewelry store,,ChIJ7UYvnEUBdkgR8B5h-k4zdvw,https://maps.google.com/?cid=18191784159110831856&g_mp=Cidnb29nbGUubWFwcy5wbGFjZXMudjEuUGxhY2VzLlNlYXJjaFRleHQQAhgEIAA
Crystal Palace,curated_object,wine,The Sourcing Table,hello@thesourcingtable.com,peckham@thesourcingtable.com,+44 20 3551 1005,https://thesourcingtable.com/,http://instagram.com/thesourcingtable,,,"67 Westow Hill, London",SE19 1TS,Westow Hill,Wine bar,,ChIJK6gFMEUBdkgRhEH4-iLXSoE,https://maps.google.com/?cid=9316495324408725892&g_mp=Cidnb29nbGUubWFwcy5wbGFjZXMudjEuUGxhY2VzLlNlYXJjaFRleHQQAhgEIAA
Crystal Palace,curated_object,fashion,Tine Bladbjerg,tinedesign@gmail.com,,+44 20 8761 1868,http://tinebladbjerg.com/,,,,"A L'Etage, 4 Westow Hill, London",SE19 1RX,Westow Hill,Jewelry store,,ChIJq6q7708BdkgR6LHWiWyfUMo,https://maps.google.com/?cid=14578327282316128744&g_mp=Cidnb29nbGUubWFwcy5wbGFjZXMudjEuUGxhY2VzLlNlYXJjaFRleHQQAhgEIAA
Crystal Palace,curated_object,wine,Urban Cellar,info@urbancellar.co.uk,stephtabb@hotmail.co.uk,+44 20 3417 8900,https://urbancellar.co.uk/,https://www.instagram.com/urban_cellar_crystal_palace_,https://www.facebook.com/Urban-Cellar-2130096930536816,,"48 Church Rd, London",SE19 2ET,Church Rd,Liquor store,,ChIJlTtoqUARdkgRFZWvG3BZUtc,https://maps.google.com/?cid=15515562004280481045&g_mp=Cidnb29nbGUubWFwcy5wbGFjZXMudjEuUGxhY2VzLlNlYXJjaFRleHQQAhgEIAA
Crystal Palace,empty_chair,empty_chair,Blue Tit Crystal Palace,steve@bluetitlondon.com,,+44 20 3474 5288,https://bluetitlondon.com/salons/crystal-palace/,https://www.instagram.com/bluetitlondon,https://www.facebook.com/bluetitlondon,,"1 Westow Hill, London",SE19 1TQ,Westow Hill,Hair salon,,ChIJ23_PNn8BdkgRbTn09RWxJ1E,https://maps.google.com/?cid=5847837349042731373&g_mp=Cidnb29nbGUubWFwcy5wbGFjZXMudjEuUGxhY2VzLlNlYXJjaFRleHQQAhgEIAA
Crystal Palace,empty_chair,empty_chair,Celine Nails,thuyanh732018@gmail.com,,+44 20 7998 8450,https://www.celinenailscrystalpalace.co.uk/,,,,"Abode London Ltd, 82 Westow Hill, London",SE19 1SB,Westow Hill,Nail salon,,ChIJ8WworPoBdkgRp4kPbwbh-i0,https://maps.google.com/?cid=3313207893633763751&g_mp=Cidnb29nbGUubWFwcy5wbGFjZXMudjEuUGxhY2VzLlNlYXJjaFRleHQQAhgEIAA
Crystal Palace,empty_chair,empty_chair,Elysia Wellness,admin@elysiawellness4me.com,,+44 20 3916 6787,https://elysiawellness4me.com/,,,,"Foresters hall, 25-27 Westow St, London",SE19 3RY,Westow St,Massage service,,ChIJXS9A1IYBdkgRxGDVUTWsm80,https://maps.google.com/?cid=14815624744171561156&g_mp=Cidnb29nbGUubWFwcy5wbGFjZXMudjEuUGxhY2VzLlNlYXJjaFRleHQQAhgEIAA
Crystal Palace,empty_chair,empty_chair,GM's Hair Salon,emergencyhairessentials@gmshair.co.uk,,+44 20 8693 6777,http://www.gmshair.com/,https://www.instagram.com/gmshair,https://www.facebook.com/gmshair,,"74 Westow Hill, London",SE19 1SB,Westow Hill,Hair salon,,ChIJpzQGJUUBdkgR29YglFFPquQ,https://maps.google.com/?cid=16477069398484506331&g_mp=Cidnb29nbGUubWFwcy5wbGFjZXMudjEuUGxhY2VzLlNlYXJjaFRleHQQAhgEIAA
Crystal Palace,empty_chair,empty_chair,OFF - CUT Crystal Palace,contact@off-cutbarbers.com,,+44 20 8916 1471,https://off-cutbarbers.com/crystal-palace,https://www.instagram.com/p,https://www.facebook.com/offcutbarbers,,"13 Church Rd, London",SE19 2TF,Church Rd,Barber shop,,ChIJ81ZfcfABdkgREEsQpXOXrAc,https://maps.google.com/?cid=552983377206070032&g_mp=Cidnb29nbGUubWFwcy5wbGFjZXMudjEuUGxhY2VzLlNlYXJjaFRleHQQAhgEIAA
Crystal Palace,empty_chair,empty_chair,Plaster Beauty,plasterxaslmm@gmail.com,,+44 7903 380855,http://www.plasterbeauty.com/,https://www.instagram.com/plasterbeauty,https://www.facebook.com/plasterbeauty,https://wa.me/447903380855,"46 Church Rd, London",SE19 2ET,Church Rd,Beauty salon,,ChIJB1RhEEUBdkgR2ELVBSfH6nA,https://maps.google.com/?cid=8136534647213736664&g_mp=Cidnb29nbGUubWFwcy5wbGFjZXMudjEuUGxhY2VzLlNlYXJjaFRleHQQAhgEIAA
Crystal Palace,empty_chair,empty_chair,Revitalize Clinic,revitalize.mel@hotmail.co.uk,,+44 7549 952434,http://revitalize.london/,https://www.instagram.com/revitalize_beauty,https://www.facebook.com/beautyrevitalize,https://wa.me/447549952434,"Trade Court, 71 Church Rd, London",SE19 2TA,Church Rd,Beauty salon,,ChIJGeAqIkUBdkgRyotgqy473-I,https://maps.google.com/?cid=16347850244007955402&g_mp=Cidnb29nbGUubWFwcy5wbGFjZXMudjEuUGxhY2VzLlNlYXJjaFRleHQQAhgEIAA
Crystal Palace,empty_chair,empty_chair,V brows & beauty lounge,vbrowsbeauty@gmail.com,,+44 20 8616 2460,https://www.vbrowsandbeauty.com/,,,,"18 Church Rd, London",SE19 2ET,Church Rd,Beauty salon,,ChIJf7vTEwMBdkgRuoBNtSndGJs,https://maps.google.com/?cid=11175925646525038778&g_mp=Cidnb29nbGUubWFwcy5wbGFjZXMudjEuUGxhY2VzLlNlYXJjaFRleHQQAhgEIAA
Crystal Palace,empty_chair,empty_chair,Wellness & Laser Centre - Crystal Palace,info@bellevousspa.com,info@bellevousspa.com,+44 20 3633 8522,http://www.wellnesslasercentre.com/,,,,"64 Church Rd, London",SE19 2EZ,Church Rd,Spa,,ChIJyVKQnUUBdkgR1PaL64JcZBY,https://maps.google.com/?cid=1613516283872802516&g_mp=Cidnb29nbGUubWFwcy5wbGFjZXMudjEuUGxhY2VzLlNlYXJjaFRleHQQAhgEIAA
Crystal Palace,empty_chair,empty_chair,Your Style Hair & Tanning Boutique,yourstyle7@yahoo.co.uk,,+44 20 8670 0055,https://www.yourstylehairandtanning.co.uk/,,,,"75 Westow Hill, London",SE19 1TX,Westow Hill,Hair salon,,ChIJqVYyL0UBdkgRZYvDFPM56RQ,https://maps.google.com/?cid=1506799266520337253&g_mp=Cidnb29nbGUubWFwcy5wbGFjZXMudjEuUGxhY2VzLlNlYXJjaFRleHQQAhgEIAA
Crystal Palace,end_of_day_food,end_of_day_food,56 WESTOW,hello@56westow.com,,+44 7354 847991,https://www.56westow.com/,https://www.instagram.com/56westow,,https://wa.me/447354847991,"56 Westow Hill, London",SE19 1RX,Westow Hill,Restaurant,,ChIJS0NFSmUBdkgR5f1C9WEOfJw,https://maps.google.com/?cid=11275903380918304229&g_mp=Cidnb29nbGUubWFwcy5wbGFjZXMudjEuUGxhY2VzLlNlYXJjaFRleHQQAhgEIAA
Crystal Palace,end_of_day_food,end_of_day_food,Blackbird Bakery Crystal Palace,blackbirdbakerylondon@gmail.com,,+44 20 8768 0357,http://www.blackbirdbakerylondon.co.uk/,https://www.instagram.com/blackbirdbakerylondon,https://www.facebook.com/BlackbirdBakeryLondon,,"59 Westow St, London",SE19 3RW,Westow St,Bakery,,ChIJ5ekShkUBdkgRlGhaGzQkgYc,https://maps.google.com/?cid=9764125273331755156&g_mp=Cidnb29nbGUubWFwcy5wbGFjZXMudjEuUGxhY2VzLlNlYXJjaFRleHQQAhgEIAA
Crystal Palace,end_of_day_food,end_of_day_food,Bloom café crystalpalace,bloom-cafe@hotmail.com,,+44 20 8670 1786,https://bloomcafecrystalpalace.co.uk/,https://www.instagram.com/bloomcafe.crystalpalace,https://www.facebook.com/Bloomcafe.crystalpalace,,"70 Westow Hill, London",SE19 1SB,Westow Hill,Brunch restaurant,,ChIJHQKETQEBdkgRu8kpWQgPA7c,https://maps.google.com/?cid=13187400662401010107&g_mp=Cidnb29nbGUubWFwcy5wbGFjZXMudjEuUGxhY2VzLlNlYXJjaFRleHQQAhgEIAA
Crystal Palace,end_of_day_food,end_of_day_food,Brown & Green London,brownandgreen@outlook.com,,+44 20 8653 3799,http://brownandgreencafe.com/,,https://www.facebook.com/943311439019047,,"99 Church Rd, London",SE19 2PR,Church Rd,Cafe,,ChIJYxkzkEUBdkgRBa4cmtq2L8s,https://maps.google.com/?cid=14641121963609468421&g_mp=Cidnb29nbGUubWFwcy5wbGFjZXMudjEuUGxhY2VzLlNlYXJjaFRleHQQAhgEIAA
Crystal Palace,end_of_day_food,end_of_day_food,Chabela,info@chabela.co.uk,,+44 20 8771 4078,http://www.chabela.co.uk/,,,,"61 Westow St, London",SE19 3RW,Westow St,Mexican restaurant,,ChIJNdHjf08BdkgRaS2dOetmz6w,https://maps.google.com/?cid=12452284655172660585&g_mp=Cidnb29nbGUubWFwcy5wbGFjZXMudjEuUGxhY2VzLlNlYXJjaFRleHQQAhgEIAA
Crystal Palace,end_of_day_food,end_of_day_food,Champagne + Fromage Crystal Palace,stefano.frigerio@champagneplusfromage.co.uk,,+44 20 8075 9405,https://champagneplusfromage.co.uk/crystal-palace/,https://www.instagram.com/champfromage,https://www.facebook.com/ChampagneFromageCovent,,"1 Westow St, London",SE19 3RY,Westow St,Restaurant,,ChIJR3dDp2QBdkgRgqEaT7E6_Ks,https://maps.google.com/?cid=12392844807827530114&g_mp=Cidnb29nbGUubWFwcy5wbGFjZXMudjEuUGxhY2VzLlNlYXJjaFRleHQQAhgEIAA
Crystal Palace,end_of_day_food,end_of_day_food,Etude Coffee - London,hello@etude.coffee,,+44 1603 804545,http://etude.coffee/,,https://www.facebook.com/etude.coffee,,"87 Church Rd, London",SE19 2TA,Church Rd,Cafe,,ChIJkcP6FN4BdkgRiGNFASN5qyA,https://maps.google.com/?cid=2354108421483357064&g_mp=Cidnb29nbGUubWFwcy5wbGFjZXMudjEuUGxhY2VzLlNlYXJjaFRleHQQAhgEIAA
Crystal Palace,end_of_day_food,end_of_day_food,Four Boroughs,hello@fourboroughs.co.uk,,,http://www.fourboroughs.co.uk/,https://www.instagram.com/four_boroughs,https://www.facebook.com/fourboroughs/about,,"10 Church Rd, London",SE19 2ET,Church Rd,Coffee shop,,ChIJg7tVJ0UBdkgRomWuai-QYvY,https://maps.google.com/?cid=17753911214375593378&g_mp=Cidnb29nbGUubWFwcy5wbGFjZXMudjEuUGxhY2VzLlNlYXJjaFRleHQQAhgEIAA
Crystal Palace,end_of_day_food,end_of_day_food,Four Hundred Rabbits: Pizza Restaurant Crystal Palace,info@400rabbits.co.uk,ammarah@400rabbits.co.uk,+44 20 8771 6249,https://www.400rabbits.co.uk/crystalpalace,,https://www.facebook.com/117286199462,,"30-32 Westow St, London",SE19 3AH,Westow St,Pizza restaurant,,ChIJnQnY7E8BdkgRfBKzZDePdrk,https://maps.google.com/?cid=13364026412343956092&g_mp=Cidnb29nbGUubWFwcy5wbGFjZXMudjEuUGxhY2VzLlNlYXJjaFRleHQQAhgEIAA
Crystal Palace,end_of_day_food,end_of_day_food,HopScotch Taprooms,matt@hopscotchtap.com,hopscotchtaprooms@gmail.com,+44 7394 072189,https://www.hopscotchtap.com/,,,https://wa.me/447394072189,"54 Westow Hill, London",SE19 1RX,Westow Hill,Cafe,,ChIJDbAmZwABdkgRnNaReu18bHo,https://maps.google.com/?cid=8821563129517430428&g_mp=Cidnb29nbGUubWFwcy5wbGFjZXMudjEuUGxhY2VzLlNlYXJjaFRleHQQAhgEIAA
Crystal Palace,end_of_day_food,end_of_day_food,"Ivy and the Wolf – Plants, Coffee & Nice Things",info@ivyandthewolf.com,,,http://www.ivyandthewolf.com/,http://instagram.com/plantsfromivyandthewolf,https://facebook.com/plantsfromivyandthewolf,,"Ivy and the Wolf, 61 Westow Hill, London",SE19 1TS,Westow Hill,Cafe,,ChIJi_hA_Uun2EcRAmzFw7QD4Jk,https://maps.google.com/?cid=11087866357499653122&g_mp=Cidnb29nbGUubWFwcy5wbGFjZXMudjEuUGxhY2VzLlNlYXJjaFRleHQQAhgEIAA
Crystal Palace,end_of_day_food,end_of_day_food,Kamari The Authentic Greek,info@elia.london,,+44 7949 195459,http://www.kamari.london/,https://www.instagram.com/eliatheauthenticgreek,https://www.facebook.com/EliaTheAuthenticGreek,https://wa.me/447949195459,"Foresters hall, 25 Westow St, London",SE19 3RY,Westow St,Coffee shop,,ChIJk1mtJWEBdkgRFR9IdsSsLBk,https://maps.google.com/?cid=1814014709721472789&g_mp=Cidnb29nbGUubWFwcy5wbGFjZXMudjEuUGxhY2VzLlNlYXJjaFRleHQQAhgEIAA
Crystal Palace,end_of_day_food,end_of_day_food,Lorenzo of Crystal Palace,lorenzocp@hotmail.co.uk,bookings@lorenzo.uk.com,+44 20 8761 7485,http://www.lorenzo.uk.com/,,https://www.facebook.com/LorenzoCrystalPalace,,"Burapa Thai Restaurant, 73 Westow Hill, London",SE19 1TX,Westow Hill,Italian restaurant,,ChIJK_q5KEUBdkgRTFdOUE0kXQ4,https://maps.google.com/?cid=1035023403843475276&g_mp=Cidnb29nbGUubWFwcy5wbGFjZXMudjEuUGxhY2VzLlNlYXJjaFRleHQQAhgEIAA
Crystal Palace,end_of_day_food,end_of_day_food,Palazzo,info@barpalazzo.com,info@madeofdough.co.uk,+44 20 3903 7164,https://www.barpalazzo.com/,https://www.instagram.com/bar.palazzo,,,"3-6 Church Rd, London",SE19 2TF,Church Rd,Italian restaurant,,ChIJL7duNzUBdkgR3SZpPs4f230,https://maps.google.com/?cid=9068877245311428317&g_mp=Cidnb29nbGUubWFwcy5wbGFjZXMudjEuUGxhY2VzLlNlYXJjaFRleHQQAhgEIAA
Crystal Palace,end_of_day_food,end_of_day_food,The Fino,thefino.crystalpalace@gmail.com,,+44 20 3648 4546,http://www.thefino.co.uk/,,,,"23 Westow Hill, London",SE19 1TQ,Westow Hill,Coffee shop,,ChIJjRUiUgABdkgRt6VStvNWVtw,https://maps.google.com/?cid=15876973141077173687&g_mp=Cidnb29nbGUubWFwcy5wbGFjZXMudjEuUGxhY2VzLlNlYXJjaFRleHQQAhgEIAA
Herne Hill,curated_object,flowers,Brothers Green The Florist,info@concretejunglelondon.com,hello@brothersgreenuk.com,+44 7865 172138,http://www.brothersgreenuk.com/,https://www.instagram.com/brothersgreen_uk,,https://wa.me/447865172138,"4-6 Half Moon Ln, London",SE24 9HU,Half Moon Ln,Florist,,ChIJazsTkEoFdkgRoSYdM6W04Dk,https://maps.google.com/?cid=4170531876565231265&g_mp=Cidnb29nbGUubWFwcy5wbGFjZXMudjEuUGxhY2VzLlNlYXJjaFRleHQQAhgEIAA
Herne Hill,curated_object,fashion,Brothers Green Vintage,info@concretejunglelondon.com,hello@brothersgreenuk.com,,https://brothersgreenuk.com/,https://www.instagram.com/brothersgreen_uk,,,"4 Half Moon Ln, London",SE24 9HU,Half Moon Ln,Clothing store,,ChIJMbFoacQFdkgReKzUs9DYqSE,https://maps.google.com/?cid=2425708265197579384&g_mp=Cidnb29nbGUubWFwcy5wbGFjZXMudjEuUGxhY2VzLlNlYXJjaFRleHQQAhgEIAA
Herne Hill,curated_object,books,Herne Hill Books,shop@claphambooks.com,shop@hernehillbooks.com,+44 20 7998 1673,https://www.claphambooks.com/herne-hill,,,,"289 Railton Rd, London",SE24 0LY,Railton Rd,Book store,,ChIJCSCpJnMEdkgRLDbrqeB3B5I,https://maps.google.com/?cid=10522510861181597228&g_mp=Cidnb29nbGUubWFwcy5wbGFjZXMudjEuUGxhY2VzLlNlYXJjaFRleHQQAhgEIAA
Herne Hill,curated_object,fashion,Lark Herne Hill,hello@larklondon.com,larklondonbuyingteam@gmail.com,+44 20 7737 6599,https://www.larklondon.com/,,,,"317 Railton Rd, London",SE24 0JN,Railton Rd,Gift shop,,ChIJhVH6cd4FdkgRyia2Nx3pbsI,https://maps.google.com/?cid=14010391802494199498&g_mp=Cidnb29nbGUubWFwcy5wbGFjZXMudjEuUGxhY2VzLlNlYXJjaFRleHQQAhgEIAA
Herne Hill,curated_object,books,The Paper Cat Children's Bookshop,info@papercatbookshop.co.uk,,+44 20 4568 1309,https://www.papercatbookshop.co.uk/,https://www.instagram.com/papercatbooks,,,"25 Half Moon Ln, London",SE24 9JU,Half Moon Ln,Book store,,ChIJudsopR4FdkgRxoV1IRkEb4I,https://maps.google.com/?cid=9398735453327558086&g_mp=Cidnb29nbGUubWFwcy5wbGFjZXMudjEuUGxhY2VzLlNlYXJjaFRleHQQAhgEIAA
Herne Hill,curated_object,wine,Wild + Lees,hello@wildandlees.com,,+44 7985 218570,http://www.wildandlees.com/,http://instagram.com/wildandlees,https://www.facebook.com/wildandlees,https://wa.me/447985218570,"2 Half Moon Ln, London",SE24 9HU,Half Moon Ln,Liquor store,,ChIJD-64OXMEdkgRC456qxynh8Q,https://maps.google.com/?cid=14161471294867672587&g_mp=Cidnb29nbGUubWFwcy5wbGFjZXMudjEuUGxhY2VzLlNlYXJjaFRleHQQAhgEIAA
Herne Hill,empty_chair,empty_chair,Aitch SE24,hello@aitch.london,,+44 20 7733 5649,https://www.aitch.london/,https://www.instagram.com/aitchse24,https://www.facebook.com/AitchSE24,,"22 Half Moon Ln, London",SE24 9HU,Half Moon Ln,Hair salon,,ChIJA0IJWnMEdkgRtB_5QdATCxE,https://maps.google.com/?cid=1228097108569563060&g_mp=Cidnb29nbGUubWFwcy5wbGFjZXMudjEuUGxhY2VzLlNlYXJjaFRleHQQAhgEIAA
Herne Hill,empty_chair,empty_chair,Clepsydra Barbers,diako12345@hotmail.com,,+44 20 7738 7483,https://clepsydra-barbers.ueniweb.com/,,,,"2A Half Moon Ln, London",SE24 9HU,Half Moon Ln,Barber shop,,ChIJ4yeI4cYFdkgRMC2EyE2ao5E,https://maps.google.com/?cid=10494401215570652464&g_mp=Cidnb29nbGUubWFwcy5wbGFjZXMudjEuUGxhY2VzLlNlYXJjaFRleHQQAhgEIAA
Herne Hill,empty_chair,empty_chair,Fringe Hair Salon,info@fringehernehill.com,,+44 20 7738 3940,http://www.fringehernehill.com/,,,,"19 Half Moon Ln, London",SE24 9JU,Half Moon Ln,Hair salon,,ChIJjxarXXMEdkgRQZJytZyKsJQ,https://maps.google.com/?cid=10714215919178125889&g_mp=Cidnb29nbGUubWFwcy5wbGFjZXMudjEuUGxhY2VzLlNlYXJjaFRleHQQAhgEIAA
Herne Hill,empty_chair,empty_chair,Myla and Davis,weddings@mylaanddavis.co.uk,jose@mylaanddavis.co.uk,+44 20 7207 2865,http://www.mylaanddavis.co.uk/,https://www.instagram.com/mylaanddavis,https://www.facebook.com/538667706505389,,"204 Railton Rd, London",SE24 0JT,Coldharbour Ln,Hair salon,,ChIJ4-Kb4HIEdkgRlsYvoiVos_I,https://maps.google.com/?cid=17488436288853886614&g_mp=Cidnb29nbGUubWFwcy5wbGFjZXMudjEuUGxhY2VzLlNlYXJjaFRleHQQAhgEIAA
Herne Hill,empty_chair,empty_chair,Our Little Secret,ourlittlesecretisus@gmail.com,,+44 7934 586863,https://www.ourlittlesecrethernehill.com/,,https://www.facebook.com/127556027293121,https://wa.me/447934586863,"118 Railton Rd, London",SE24 0JX,Railton Rd,Hair salon,,ChIJQ1qrenIEdkgRGZoO2UvVbus,https://maps.google.com/?cid=16964731368092113433&g_mp=Cidnb29nbGUubWFwcy5wbGFjZXMudjEuUGxhY2VzLlNlYXJjaFRleHQQAhgEIAA
Herne Hill,end_of_day_food,end_of_day_food,Arapina Bakery - Herne Hill Market,marketing@arapina.co.uk,info@arapina.co.uk,+44 20 8469 1764,https://arapina.co.uk/,https://www.instagram.com/arapina_bakery,https://www.facebook.com/ArapinaBakery,,"Railton Rd, London",SE24 0JN,Railton Rd,Bakery,,ChIJd7P8cu0FdkgRkwZisQatl6M,https://maps.google.com/?cid=11788080793922963091&g_mp=Cidnb29nbGUubWFwcy5wbGFjZXMudjEuUGxhY2VzLlNlYXJjaFRleHQQAhgEIAA
Herne Hill,end_of_day_food,end_of_day_food,Blackbird Bakery Herne Hill,blackbirdbakerylondon@gmail.com,,+44 20 7095 8800,http://www.blackbirdbakerylondon.co.uk/,https://www.instagram.com/blackbirdbakerylondon,https://www.facebook.com/BlackbirdBakeryLondon,,"230 Railton Rd, London",SE24 0JT,Railton Rd,Bakery,,ChIJLY9E3nIEdkgRraPhyUlJPsc,https://maps.google.com/?cid=14356993243372168109&g_mp=Cidnb29nbGUubWFwcy5wbGFjZXMudjEuUGxhY2VzLlNlYXJjaFRleHQQAhgEIAA
Herne Hill,end_of_day_food,end_of_day_food,Christopher's,christophersfoh@gmail.com,,,https://www.christophers-bakery.com/,https://www.instagram.com/christophersbakery,https://www.facebook.com/christophersbakery,,"145 Half Moon Ln, London",SE24 9JY,Half Moon Ln,Bakery,,ChIJYcwwmIoDdkgRCC4HcIPpeYM,https://maps.google.com/?cid=9473860041880055304&g_mp=Cidnb29nbGUubWFwcy5wbGFjZXMudjEuUGxhY2VzLlNlYXJjaFRleHQQAhgEIAA
Herne Hill,end_of_day_food,end_of_day_food,Kai Hung,khlondonuk@hotmail.com,,+44 20 7733 6566,http://www.kaihungonline.co.uk/,,https://www.facebook.com/kaihungonline,,"88 Railton Rd, London",SE24 0LD,Railton Rd,Takeout restaurant,,ChIJTVXxdm4EdkgR4ppvLr9O4Ks,https://maps.google.com/?cid=12384985558293650146&g_mp=Cidnb29nbGUubWFwcy5wbGFjZXMudjEuUGxhY2VzLlNlYXJjaFRleHQQAhgEIAA
Herne Hill,end_of_day_food,end_of_day_food,Koala Coffee & Ice Cream,koala@koalacoffee.co.uk,info@minus12.co.uk,,http://www.koalacoffee.co.uk/,https://www.instagram.com/koalabrixton,https://www.facebook.com/482713478521459,,"64 Railton Rd, London",SE24 0LF,Railton Rd,Coffee shop,,ChIJMQkh54IFdkgRtCH3P3FQxBQ,https://maps.google.com/?cid=1496409423528534452&g_mp=Cidnb29nbGUubWFwcy5wbGFjZXMudjEuUGxhY2VzLlNlYXJjaFRleHQQAhgEIAA
Herne Hill,end_of_day_food,end_of_day_food,Llewelyn's,bookings@llewelyns-restaurant.co.uk,,,https://www.llewelyns-restaurant.co.uk/,https://www.instagram.com/llewelynslondon,,,"293-295 Railton Rd, London",SE24 0JP,Railton Rd,Restaurant,,ChIJ35SN4HIEdkgR2J0HhGI6RMo,https://maps.google.com/?cid=14574838488874065368&g_mp=Cidnb29nbGUubWFwcy5wbGFjZXMudjEuUGxhY2VzLlNlYXJjaFRleHQQAhgEIAA
Herne Hill,end_of_day_food,end_of_day_food,Macatia and Coffee,info@stagheaddesigns.com,,,http://www.macatia.co.uk/,https://www.instagram.com/macatia.andcoffee,,,"1A Half Moon Ln, London",SE24 9JU,Half Moon Ln,Coffee shop,,ChIJOaTXQzYFdkgRoxXKaqVQCH8,https://maps.google.com/?cid=9153654914021987747&g_mp=Cidnb29nbGUubWFwcy5wbGFjZXMudjEuUGxhY2VzLlNlYXJjaFRleHQQAhgEIAA
Herne Hill,end_of_day_food,end_of_day_food,Mino Pottery Painting & Cafe,contact@minopotterypainting.co.uk,,+44 20 3815 2671,https://www.minopotterypainting.co.uk/,https://www.instagram.com/minopotterypainting,,,"16 Half Moon Ln, London",SE24 9HU,Half Moon Ln,Cafe,,ChIJf0U5FqEFdkgRewELzcV1YJQ,https://maps.google.com/?cid=10691675007786615163&g_mp=Cidnb29nbGUubWFwcy5wbGFjZXMudjEuUGxhY2VzLlNlYXJjaFRleHQQAhgEIAA
Herne Hill,end_of_day_food,end_of_day_food,"Perks & White coffee, Herne Hill Station",hello@perksandwhite.com,,+44 7848 172681,http://www.perksandwhite.com/,https://www.instagram.com/perksandwhite,https://www.facebook.com/perksandwhitecoffee,https://wa.me/447848172681,"Station Ticket Hall, Herne Hill, Railton Rd, London",SE24 0JW,Railton Rd,Coffee shop,,ChIJYZdOSd8FdkgRhaN1Xb1louI,https://maps.google.com/?cid=16330727062790054789&g_mp=Cidnb29nbGUubWFwcy5wbGFjZXMudjEuUGxhY2VzLlNlYXJjaFRleHQQAhgEIAA
Herne Hill,end_of_day_food,end_of_day_food,"Perks & White coffee, Ticket Hall - Herne Hill Station",hello@perksandwhite.com,,+44 20 8678 0002,https://www.perksandwhite.com/,https://www.instagram.com/perksandwhite,https://www.facebook.com/perksandwhitecoffee,,"Ticket Hall, Herne Hill Station, Railton Rd, London",SE24 0JW,Railton Rd,Cafe,,ChIJS1N1x8UFdkgRxrB-JT2ocws,https://maps.google.com/?cid=825188137314463942&g_mp=Cidnb29nbGUubWFwcy5wbGFjZXMudjEuUGxhY2VzLlNlYXJjaFRleHQQAhgEIAA
Herne Hill,end_of_day_food,end_of_day_food,Sesami,hellosesami@gmail.com,,+44 7519 433136,http://www.sesami.co.uk/,,https://www.facebook.com/sesami.co.uk,https://wa.me/447519433136,"307 Railton Rd, London",SE24 0JN,Railton Rd,Coffee shop,,ChIJ1WQWdlgFdkgRfzf9HS19rsw,https://maps.google.com/?cid=14748863462415087487&g_mp=Cidnb29nbGUubWFwcy5wbGFjZXMudjEuUGxhY2VzLlNlYXJjaFRleHQQAhgEIAA
Herne Hill,end_of_day_food,end_of_day_food,West 16th,zita@west16th.co.uk,w16dulwich@west16th.co.uk,,https://www.west16th.co.uk/,,,,"137 Half Moon Ln, London",SE24 9JY,Half Moon Ln,Restaurant,,ChIJcS9s55YDdkgRF89wWceXOvY,https://maps.google.com/?cid=17742660564434341655&g_mp=Cidnb29nbGUubWFwcy5wbGFjZXMudjEuUGxhY2VzLlNlYXJjaFRleHQQAhgEIAA
Brixton Village,curated_object,books,Beautiful Books,servicebeautifulbooks@yahoo.co.uk,,+44 20 7738 3302,http://lef-beautifulbooks.co.uk/,,,,"24 Brixton Station Rd, London",SW9 8PD,Brixton Station Rd,Book store,,ChIJq6qqqmcEdkgR2tfsTEIov5I,https://maps.google.com/?cid=10574214715312756698&g_mp=Cidnb29nbGUubWFwcy5wbGFjZXMudjEuUGxhY2VzLlNlYXJjaFRleHQQAhgEIAA
Brixton Village,curated_object,books,BookMongers,book.mongers80@gmail.com,info@bookmongers.com,+44 20 7738 4225,https://bookmongers.com/,https://instagram.com/bookmongersbrixton,,,"439 Coldharbour Ln, London",SW9 8LN,Coldharbour Ln,Book store,,ChIJ1fPOjmgEdkgRRYpRE3705TM,https://maps.google.com/?cid=3739663887928232517&g_mp=Cidnb29nbGUubWFwcy5wbGFjZXMudjEuUGxhY2VzLlNlYXJjaFRleHQQAhgEIAA
Brixton Village,curated_object,wine,Bottle + Rye,reservations@bottleandrye.com,robin@crabcommunications.com,,http://www.bottleandrye.com/,,,,"Ground Floor, 404-406 Market Row, London",SW9 8LD,Market Row,Wine bar,,ChIJ30NQAHAFdkgRyEiuSYFeISI,https://maps.google.com/?cid=2459350780900952264&g_mp=Cidnb29nbGUubWFwcy5wbGFjZXMudjEuUGxhY2VzLlNlYXJjaFRleHQQAhgEIAA
Brixton Village,curated_object,fashion,Diverse,info@diversegifts.co.uk,,+44 20 7733 1488,http://www.diversegifts.co.uk/,https://www.instagram.com/diversegifts,https://facebook.com/diversebrixton,,"390 Coldharbour Ln, London",SW9 8LF,Coldharbour Ln,Gift shop,,ChIJEe-5Sm8EdkgR9ze50_3dJ7I,https://maps.google.com/?cid=12837473345091483639&g_mp=Cidnb29nbGUubWFwcy5wbGFjZXMudjEuUGxhY2VzLlNlYXJjaFRleHQQAhgEIAA
Brixton Village,curated_object,fashion,Full Moon Designs,contact@fullmoondesigns.co.uk,,+44 7947 485376,http://fullmoondesigns.co.uk/,https://instagram.com/fullmoondesigns,https://facebook.com/fullmoondesigns,https://wa.me/447947485376,"8, Brixton Village, First Avenue, London",SW9 8PR,First Avenue,Jewelry store,,ChIJZcf8qGgEdkgRriN3xuKHP08,https://maps.google.com/?cid=5710432260591133614&g_mp=Cidnb29nbGUubWFwcy5wbGFjZXMudjEuUGxhY2VzLlNlYXJjaFRleHQQAhgEIAA
Brixton Village,curated_object,wine,Ghost Whale,brixton@ghostwhalelondon.com,putney@ghostwhalelondon.com,+44 20 7207 1641,http://www.ghostwhalelondon.com/,https://www.instagram.com/ghostwhalelondon,https://www.facebook.com/GhostWhaleLondon,,"70 Atlantic Rd, London",SW9 8PX,Atlantic Rd,Liquor store,,ChIJ09CeNW8EdkgR5JUbLsXdylg,https://maps.google.com/?cid=6398170059585066468&g_mp=Cidnb29nbGUubWFwcy5wbGFjZXMudjEuUGxhY2VzLlNlYXJjaFRleHQQAhgEIAA
Brixton Village,curated_object,fashion,Lalune London,contact@lalunelondon.com,,+44 7511 641910,http://lalunelondon.com/,https://www.instagram.com/laluneldn,,https://wa.me/447511641910,"Lalune, 24 Market Row, London",SW9 8LB,Market Row,Jewelry store,,ChIJy6FSmoup2EcRUYrFLM0dels,https://maps.google.com/?cid=6591613771666786897&g_mp=Cidnb29nbGUubWFwcy5wbGFjZXMudjEuUGxhY2VzLlNlYXJjaFRleHQQAhgEIAA
Brixton Village,curated_object,fashion,Rachel & Malika's,rachelandmalikas@gmail.com,,+44 7988 318125,http://www.rachelandmalikas.com/,https://www.instagram.com/rachelmalikas,https://www.facebook.com/RachelandMalikas,https://wa.me/447988318125,"Granville Arcade, Coldharbour Ln, London",SW9 8PR,Coldharbour Ln,Gift shop,,ChIJxy6Lq2gEdkgRLu6IXLr7KNc,https://maps.google.com/?cid=15503918495057899054&g_mp=Cidnb29nbGUubWFwcy5wbGFjZXMudjEuUGxhY2VzLlNlYXJjaFRleHQQAhgEIAA
Brixton Village,curated_object,books,Round Table Books,bookshop@roundtablebooks.co.uk,,+44 20 7274 0030,http://roundtablebooks.co.uk/,https://www.instagram.com/roundtablebooks,https://www.facebook.com/RoundtableBookshop,,"Brixton Village, 10-11 Granville Arcade, Coldharbour Ln, London",SW9 8PR,Coldharbour Ln,Book store,,ChIJjYfNROgFdkgRU8pS_rm186U,https://maps.google.com/?cid=11958101246039214675&g_mp=Cidnb29nbGUubWFwcy5wbGFjZXMudjEuUGxhY2VzLlNlYXJjaFRleHQQAhgEIAA
Brixton Village,empty_chair,empty_chair,Ama (Brixton),info@amathesalon.com,brixton@amathesalon.com,+44 20 7095 8088,http://www.amathesalon.com/,http://instagram.com/amathesalon,https://www.facebook.com/Ama-The-Salon-2012418732354503,,"Gresham Cafe, 340 Coldharbour Ln, London",SW9 8QH,Coldharbour Ln,Nail salon,,ChIJj3ETAi0FdkgR4_tnqN1JaOw,https://maps.google.com/?cid=17034946806890888163&g_mp=Cidnb29nbGUubWFwcy5wbGFjZXMudjEuUGxhY2VzLlNlYXJjaFRleHQQAhgEIAA
Brixton Village,empty_chair,empty_chair,André Pierre,info@andre-pierre.com,,+44 7593 001733,http://www.andre-pierre.com/,,,https://wa.me/447593001733,"393 Coldharbour Ln, London",SW9 8LQ,Coldharbour Ln,Hair salon,,ChIJ9xwiu2gEdkgRKelxv5x0DO8,https://maps.google.com/?cid=17225270891360938281&g_mp=Cidnb29nbGUubWFwcy5wbGFjZXMudjEuUGxhY2VzLlNlYXJjaFRleHQQAhgEIAA
Brixton Village,empty_chair,empty_chair,Blue Tit Brixton,steve@bluetitlondon.com,,+44 20 7274 0655,https://bluetitlondon.com/salons/brixton/,https://www.instagram.com/bluetitlondon,https://www.facebook.com/bluetitlondon,,"342 Coldharbour Ln, London",SW9 8QH,Coldharbour Ln,Hair salon,,ChIJ_9Dlg2UEdkgRl2VSekvtDn4,https://maps.google.com/?cid=9083458406883419543&g_mp=Cidnb29nbGUubWFwcy5wbGFjZXMudjEuUGxhY2VzLlNlYXJjaFRleHQQAhgEIAA
Brixton Village,empty_chair,empty_chair,Curfew Grooming Brixton,info@curfewcompany.com,registration@ico.org.uk,+44 20 3916 5256,http://www.curfewgrooming.co/,https://www.instagram.com/curfew_grooming,https://www.facebook.com/CurfewGrooming,,"40 Atlantic Rd, London",SW9 8JW,Atlantic Rd,Barber shop,,ChIJDQTTEmYEdkgRu8woArGGCBM,https://maps.google.com/?cid=1371494181337877691&g_mp=Cidnb29nbGUubWFwcy5wbGFjZXMudjEuUGxhY2VzLlNlYXJjaFRleHQQAhgEIAA
Brixton Village,empty_chair,empty_chair,Elevate,info@elevatehairdressing.co.uk,,+44 20 3581 6250,https://www.elevatehairdressing.co.uk/,https://www.instagram.com/elevate399,,,"The Metropolis, 61 Atlantic Rd, London",SW9 8PU,Atlantic Rd,Hair salon,,ChIJ2Y1nS28EdkgR7Ww8jkRNErM,https://maps.google.com/?cid=12903460839209331949&g_mp=Cidnb29nbGUubWFwcy5wbGFjZXMudjEuUGxhY2VzLlNlYXJjaFRleHQQAhgEIAA
Brixton Village,empty_chair,empty_chair,Gents of Brixton Barbers,gentsofbrixton21@gmail.com,,+44 20 3340 2909,http://gentsofbrixtonbarber.com/,,,,"415 Coldharbour Ln, London",SW9 8LH,Coldharbour Ln,Barber shop,,ChIJ9WYeq_MFdkgR2N4v8t1BePw,https://maps.google.com/?cid=18192363116269919960&g_mp=Cidnb29nbGUubWFwcy5wbGFjZXMudjEuUGxhY2VzLlNlYXJjaFRleHQQAhgEIAA
Brixton Village,empty_chair,empty_chair,Heads High Brixton,bookings@headshighbrixton.co.uk,hello@headshighbrixton.co.uk,+44 20 7737 7828,http://www.headshighbrixton.co.uk/,https://www.instagram.com/headshighbrixton,https://www.facebook.com/headshighbrixton,,"54 Atlantic Rd, London",SW9 8PZ,Atlantic Rd,Hair salon,,ChIJmx0oaMUFdkgRGHR2tScw5B8,https://maps.google.com/?cid=2298014656972092440&g_mp=Cidnb29nbGUubWFwcy5wbGFjZXMudjEuUGxhY2VzLlNlYXJjaFRleHQQAhgEIAA
Brixton Village,empty_chair,empty_chair,Myla and Davis,weddings@mylaanddavis.co.uk,jose@mylaanddavis.co.uk,+44 20 3818 0068,http://www.mylaanddavis.co.uk/,https://www.instagram.com/mylaanddavis,https://www.facebook.com/538667706505389,,"431-433 Coldharbour Ln, London",SW9 8LN,Coldharbour Ln,Hair salon,,ChIJyy2elmgEdkgR1y7UXxWx_J4,https://maps.google.com/?cid=11456226257483869911&g_mp=Cidnb29nbGUubWFwcy5wbGFjZXMudjEuUGxhY2VzLlNlYXJjaFRleHQQAhgEIAA
Brixton Village,empty_chair,empty_chair,Nail Spa,gianghuonglily1965@gmail.com,,+44 20 7274 2288,http://nailspabrixton.co.uk/,,https://www.facebook.com/nailspabrixton.417,,"417 Coldharbour Ln, London",SW9 8LF,Coldharbour Ln,Beauty salon,,ChIJp8cll2gEdkgR0Cbfg7_u3yQ,https://maps.google.com/?cid=2657104811490485968&g_mp=Cidnb29nbGUubWFwcy5wbGFjZXMudjEuUGxhY2VzLlNlYXJjaFRleHQQAhgEIAA
Brixton Village,empty_chair,empty_chair,Queenty Boss Hair & Beauty Studio,info@queentybosshair.com,,+44 7465 034374,https://www.queentybosshair.com/,,,https://wa.me/447465034374,"KIOSK 2, 17 Atlantic Rd, London",SW9 8HX,Atlantic Rd,Hair salon,,ChIJaXWyy2YFdkgRxk4hnFis0hk,https://maps.google.com/?cid=1860739092633964230&g_mp=Cidnb29nbGUubWFwcy5wbGFjZXMudjEuUGxhY2VzLlNlYXJjaFRleHQQAhgEIAA
Brixton Village,empty_chair,empty_chair,Tula Rose,info@tularose.com,,+44 20 7733 1400,http://tularose.com/,https://www.instagram.com/tularosebeauty,https://www.facebook.com/Tularoseltd,,"6A Coldharbour Ln, London",SE5 9PR,Coldharbour Ln,Beauty salon,,ChIJz7LQ9X8EdkgRjdMujjhG2Vo,https://maps.google.com/?cid=6546340742077272973&g_mp=Cidnb29nbGUubWFwcy5wbGFjZXMudjEuUGxhY2VzLlNlYXJjaFRleHQQAhgEIAA
Brixton Village,empty_chair,empty_chair,Victoria Cole Hair & crown ov glory,customerservice@victoriacole.co.uk,contact@victoriacole.co.uk,+44 7958 717022,http://www.victoriacole.co.uk/,,https://www.facebook.com/187457961275542,https://wa.me/447958717022,"16 Coldharbour Ln, London",SE5 9PR,Coldharbour Ln,Hair salon,,ChIJGUC3i38EdkgRzOoTCfCNA1s,https://maps.google.com/?cid=6558241544465541836&g_mp=Cidnb29nbGUubWFwcy5wbGFjZXMudjEuUGxhY2VzLlNlYXJjaFRleHQQAhgEIAA
Brixton Village,end_of_day_food,end_of_day_food,ALL ROADS BRIXTON,info@allroadsldn.com,,+44 7913 172857,http://www.allroadsldn.com/,,,https://wa.me/447913172857,"44 Atlantic Rd, London",SW9 8JN,Atlantic Rd,Restaurant,,ChIJW6ANzfcFdkgRDeYV_Acg_70,https://maps.google.com/?cid=13690696610895750669&g_mp=Cidnb29nbGUubWFwcy5wbGFjZXMudjEuUGxhY2VzLlNlYXJjaFRleHQQAhgEIAA
Brixton Village,end_of_day_food,end_of_day_food,Arepa & Co Venezuelan Restaurant Brixton,hello@arepaandco.com,,+44 20 4619 3502,https://www.arepaandco.com/pages/brixton-restaurant/?utm_source=GMB&utm_medium=website%20click&utm_campaign=SDM&utm_id=GMB,,https://www.facebook.com/arepaandco,,"14B, C, Market Row, London",SW9 8LD,Market Row,Restaurant,,ChIJvc8XWAAFdkgRtom_Oiz97KI,https://maps.google.com/?cid=11740036695054059958&g_mp=Cidnb29nbGUubWFwcy5wbGFjZXMudjEuUGxhY2VzLlNlYXJjaFRleHQQAhgEIAA
Brixton Village,end_of_day_food,end_of_day_food,Brixton Spritz,info@brixtonspritz.com,,+44 20 3648 2199,http://www.brixtonspritz.com/,,,,"21 Brixton Station Rd, London",SW9 8QQ,Brixton Station Rd,Restaurant,,ChIJFx4BHwAFdkgRq_bGAxvg-Jk,https://maps.google.com/?cid=11094864088659326635&g_mp=Cidnb29nbGUubWFwcy5wbGFjZXMudjEuUGxhY2VzLlNlYXJjaFRleHQQAhgEIAA
Brixton Village,end_of_day_food,end_of_day_food,Danclair's Kitchen,hello@danclairskitchenbrixton.co.uk,,+44 20 7733 9800,https://danclairskitchenbrixton.co.uk/,https://www.instagram.com/danclairskitchen,,,"67-68, Granville Arcade, Coldharbour Ln, London",SW9 8PS,Coldharbour Ln,Restaurant,,ChIJpSpJuOkFdkgRTNgWzwAio6s,https://maps.google.com/?cid=12367766388559239244&g_mp=Cidnb29nbGUubWFwcy5wbGFjZXMudjEuUGxhY2VzLlNlYXJjaFRleHQQAhgEIAA
Brixton Village,end_of_day_food,end_of_day_food,F. Mondays Coffee,info@fmondayscoffee.com,,,http://www.fmondayscoffee.com/,https://www.instagram.com/fmondayscoffee,,,"436 Coldharbour Ln, London",SW2 1JG,Coldharbour Ln,Coffee shop,,ChIJYT-R-xcFdkgRrmH0y2OONzg,https://maps.google.com/?cid=4050862949117747630&g_mp=Cidnb29nbGUubWFwcy5wbGFjZXMudjEuUGxhY2VzLlNlYXJjaFRleHQQAhgEIAA
Brixton Village,end_of_day_food,end_of_day_food,Guzzl,enquiries@guzzl.club,andrew@guzzl.club,+44 20 7346 8811,http://www.guzzl.club/,https://www.instagram.com/guzzl_club,https://www.facebook.com/549234168763611,,"9, Granville Arcade, Coldharbour Ln, London",SW9 8PR,Coldharbour Ln,Deli,,ChIJGYz8qGgEdkgRyO7G5cCHNN0,https://maps.google.com/?cid=15939514243729518280&g_mp=Cidnb29nbGUubWFwcy5wbGFjZXMudjEuUGxhY2VzLlNlYXJjaFRleHQQAhgEIAA
Brixton Village,end_of_day_food,end_of_day_food,IRENE,hello@irenebakery.co.uk,,+44 20 3659 0585,https://www.irenebakery.co.uk/,http://instagram.com/irene.bread,https://www.facebook.com/irene.bread.wines,,"Coldharbour Ln, London",SW9 8PS,Coldharbour Ln,Bakery,,ChIJoxr5r4cFdkgRQfcJW9FRavU,https://maps.google.com/?cid=17684036846441068353&g_mp=Cidnb29nbGUubWFwcy5wbGFjZXMudjEuUGxhY2VzLlNlYXJjaFRleHQQAhgEIAA
Brixton Village,end_of_day_food,end_of_day_food,La Nonna (Pasta fresca),eduardo@lanonnaldn.com,ciao@lanonnaldn.com,+44 20 3589 6645,https://www.lanonnaldn.com/?utm_source=GBP.website&utm_medium=GBP&utm_campaign=br11183-website,https://www.instagram.com/lanonnaldn,,,"7 Market Row, London",SW9 8LB,Market Row,Italian restaurant,,ChIJAc87YOUFdkgRMNPyR4LIO6k,https://maps.google.com/?cid=12194560877914149680&g_mp=Cidnb29nbGUubWFwcy5wbGFjZXMudjEuUGxhY2VzLlNlYXJjaFRleHQQAhgEIAA
Brixton Village,end_of_day_food,end_of_day_food,Nuvola,nuvolapizzauk@gmail.com,,+44 7928 527509,https://nuvolapizza.co.uk/,,,https://wa.me/447928527509,"4 Market Row, London",SW9 8LD,Market Row,Pizza restaurant,,ChIJRaAWY1cFdkgRQG9_VmA13Ow,https://maps.google.com/?cid=17067575375711661888&g_mp=Cidnb29nbGUubWFwcy5wbGFjZXMudjEuUGxhY2VzLlNlYXJjaFRleHQQAhgEIAA
Brixton Village,end_of_day_food,end_of_day_food,OKAN Brixton East,info@okanlondon.com,,,http://okanlondon.com/,,https://www.facebook.com/341113216403896,,"338 Coldharbour Ln, London",SW9 8QH,Coldharbour Ln,Japanese restaurant,,ChIJ5U5qeGUEdkgR0IzkMt4IPEc,https://maps.google.com/?cid=5132987425725123792&g_mp=Cidnb29nbGUubWFwcy5wbGFjZXMudjEuUGxhY2VzLlNlYXJjaFRleHQQAhgEIAA
Brixton Village,end_of_day_food,end_of_day_food,OKAN Brixton Village,info@okanlondon.com,,+44 20 7326 1180,https://okanlondon.com/,,https://www.facebook.com/341113216403896,,"39, Brixton Village, Coldharbour Ln, London",SW9 8PS,Coldharbour Ln,Japanese restaurant,,ChIJS1f5qmgEdkgRuHWqMQ13CfA,https://maps.google.com/?cid=17296486742444635576&g_mp=Cidnb29nbGUubWFwcy5wbGFjZXMudjEuUGxhY2VzLlNlYXJjaFRleHQQAhgEIAA
Brixton Village,end_of_day_food,end_of_day_food,PARISSI,info@parissi.co.uk,,+44 20 7924 9022,https://www.parissi.co.uk/,https://www.instagram.com/parissi_london,http://www.facebook.com/parissi.co.uk,,"76 Atlantic Rd, London",SW9 8PX,Atlantic Rd,Cafe,,ChIJn3ZmNG8EdkgRPZBvrtj9iZI,https://maps.google.com/?cid=10559249908428148797&g_mp=Cidnb29nbGUubWFwcy5wbGFjZXMudjEuUGxhY2VzLlNlYXJjaFRleHQQAhgEIAA
Brixton Village,end_of_day_food,end_of_day_food,Pizzarova - Pop Brixton,gloucesterroad@pizzarova.com,parkstreet@pizzarova.com,+44 20 3778 2448,https://www.pizzarova.com/locations/brixton/,https://www.instagram.com/pizzarova,https://www.facebook.com/pizzarova,,"Pop Brixton, 49 Brixton Station Rd, London",SW9 8PQ,Brixton Station Rd,Pizza restaurant,,ChIJnetLc24FdkgRWOEAB2gWahk,https://maps.google.com/?cid=1831300834529435992&g_mp=Cidnb29nbGUubWFwcy5wbGFjZXMudjEuUGxhY2VzLlNlYXJjaFRleHQQAhgEIAA
Brixton Village,end_of_day_food,end_of_day_food,The Bread Of Life,syl_bolb@hotmail.co.uk,,+44 20 7274 9632,http://thebreadoflife.co.uk/,,https://www.facebook.com/pages,,"19 Coldharbour Ln, London",SE5 9NR,Coldharbour Ln,Restaurant,,ChIJn91af4ADdkgRLN1zh0VtAig,https://maps.google.com/?cid=2882986856863227180&g_mp=Cidnb29nbGUubWFwcy5wbGFjZXMudjEuUGxhY2VzLlNlYXJjaFRleHQQAhgEIAA
Brixton Village,end_of_day_food,end_of_day_food,Whole Beast,pleasedtomeatyou@wholebeast.co.uk,,+44 7852 401870,https://www.wholebeast.co.uk/,https://www.instagram.com/wholebeast,,https://wa.me/447852401870,"336 Coldharbour Ln, London",SW9 8QH,Coldharbour Ln,Restaurant,,ChIJ-_EH5IAFdkgRYGgf3Wr0rXw,https://maps.google.com/?cid=8984105571487541344&g_mp=Cidnb29nbGUubWFwcy5wbGFjZXMudjEuUGxhY2VzLlNlYXJjaFRleHQQAhgEIAA
Clapham Old Town,curated_object,flowers,Birksen,hello@birksen.com,,+44 20 7622 6466,http://birksen.com/,https://www.instagram.com/flowersbybirksen/,https://www.facebook.com/119286758123320,,"40 Old Town, London",SW4 0LB,Old Town,Florist,,ChIJScg6P60FdkgRJ3OstiLwZrU,https://maps.google.com/?cid=13071399000373752615&g_mp=Cidnb29nbGUubWFwcy5wbGFjZXMudjEuUGxhY2VzLlNlYXJjaFRleHQQAhgEIAA
Clapham Old Town,curated_object,books,ChocoLit,chocolitsw4@gmail.com,,,http://www.chocolit.co.uk/,,,,"14 Old Town, London",SW4 0JY,Old Town,Book store,,ChIJT-aLK68FdkgR2lYolnYe6Dk,https://maps.google.com/?cid=4172618549432964826&g_mp=Cidnb29nbGUubWFwcy5wbGFjZXMudjEuUGxhY2VzLlNlYXJjaFRleHQQAhgEIAA
Clapham Old Town,curated_object,books,Clapham Books,shop@claphambooks.com,shop@hernehillbooks.com,+44 20 7627 2797,http://www.claphambooks.com/,,,,"26 The Pavement, London",SW4 0JA,The Pavement,Book store,,ChIJkT9wA1IEdkgRElrn9RpkPng,https://maps.google.com/?cid=8664472800064920082&g_mp=Cidnb29nbGUubWFwcy5wbGFjZXMudjEuUGxhY2VzLlNlYXJjaFRleHQQAhgEIAA
Clapham Old Town,curated_object,charity,Wandsworth Oasis,info@wandsworthoasis.org.uk,office@wandsworthoasis.org.uk,+44 20 3489 1019,https://www.wandsworthoasis.org.uk/,https://www.instagram.com/wandsworth_Oasis,https://www.facebook.com/wandsworthoasis,,"45 Old Town, London",SW4 0JL,Old Town,Thrift store,,ChIJ2Y96M60FdkgR5-chC6olR7s,https://maps.google.com/?cid=13494796220700420071&g_mp=Cidnb29nbGUubWFwcy5wbGFjZXMudjEuUGxhY2VzLlNlYXJjaFRleHQQAhgEIAA
Clapham Old Town,empty_chair,empty_chair,Brazilian Soul Beauty - BSB,info@braziliansoulbeauty.co.uk,hello@braziliansoulbeauty.co.uk,+44 20 4629 1473,http://www.braziliansoulbeauty.co.uk/,https://www.instagram.com/braziliansoul.beauty,https://www.facebook.com/braziliansoulbeauty,,"36 Bromell's Rd, Old Town, London",SW4 0BN,Old Town,Beauty salon,,ChIJK8FVwFkEdkgRMTCOuNJSfdw,https://maps.google.com/?cid=15887946125425913905&g_mp=Cidnb29nbGUubWFwcy5wbGFjZXMudjEuUGxhY2VzLlNlYXJjaFRleHQQAhgEIAA
Clapham Old Town,empty_chair,empty_chair,Hurly Burly,witcheshut@gmail.com,witcheshut2@gmail.com,+44 20 7720 3666,http://hurlyburly.co.uk/,https://www.instagram.com/hurlyburlysalon,https://www.facebook.com/hurlyburlysalon,,"13 The Pavement, London",SW4 0HY,The Pavement,Hair salon,,ChIJya_EXE0EdkgRhrXmcbrcgpo,https://maps.google.com/?cid=11133703922146260358&g_mp=Cidnb29nbGUubWFwcy5wbGFjZXMudjEuUGxhY2VzLlNlYXJjaFRleHQQAhgEIAA
Clapham Old Town,empty_chair,empty_chair,IMAGES London,kc@images-beauty.co.uk,,+44 20 7622 8711,http://images-beauty.co.uk/,https://www.instagram.com/imageslondon_,https://www.facebook.com/ImagesLondon,,"7 The Pavement, London",SW4 0HY,The Pavement,Beauty salon,,ChIJAwTPZU0EdkgR9btBbdRt4G4,https://maps.google.com/?cid=7989506498088778741&g_mp=Cidnb29nbGUubWFwcy5wbGFjZXMudjEuUGxhY2VzLlNlYXJjaFRleHQQAhgEIAA
Clapham Old Town,empty_chair,empty_chair,Sugar Cane Salon,contact@sugarcanesalon.com,,+44 20 7978 1910,http://www.sugarcanesalon.com/,,,,"5 Old Town, London",SW4 0JT,Old Town,Beauty salon,,ChIJFWJc7FQDdkgROgV0Y9w0EKw,https://maps.google.com/?cid=12398467895316972858&g_mp=Cidnb29nbGUubWFwcy5wbGFjZXMudjEuUGxhY2VzLlNlYXJjaFRleHQQAhgEIAA
Clapham Old Town,empty_chair,empty_chair,Tribe Clapham,chislehurst@tribesalons.co.uk,,+44 20 7498 7771,http://www.tribesalons.co.uk/,https://www.instagram.com/tribesalons,https://www.facebook.com/tribesalons,,"11 The Pavement, London",SW4 0HY,The Pavement,Hair salon,,ChIJGY1QXU0EdkgRvUvgW376AVQ,https://maps.google.com/?cid=6053394794776906685&g_mp=Cidnb29nbGUubWFwcy5wbGFjZXMudjEuUGxhY2VzLlNlYXJjaFRleHQQAhgEIAA
Clapham Old Town,end_of_day_food,end_of_day_food,Brew & Barrel,admin@brewandbarrel.co.uk,events@brewandbarrel.co.uk,+44 7872 317846,https://www.brewandbarrelsw4.com/,,,https://wa.me/447872317846,"36A Old Town, London",SW4 0LB,Old Town,Brunch restaurant,,ChIJlURGVFYFdkgRU2hdZLDdSvs,https://maps.google.com/?cid=18107529001464326227&g_mp=Cidnb29nbGUubWFwcy5wbGFjZXMudjEuUGxhY2VzLlNlYXJjaFRleHQQAhgEIAA
Clapham Old Town,end_of_day_food,end_of_day_food,Common,info@wearecommon.co.uk,,+44 7342 968459,http://www.commonclapham.com/,https://www.instagram.com/commonclapham,https://facebook.com/Commonclapham,https://wa.me/447342968459,"Common Cafe, 17 The Pavement, London",SW4 0HY,The Pavement,Cafe,,ChIJs2RUpO0FdkgRr3MJ9wkveDU,https://maps.google.com/?cid=3852881201061262255&g_mp=Cidnb29nbGUubWFwcy5wbGFjZXMudjEuUGxhY2VzLlNlYXJjaFRleHQQAhgEIAA
Clapham Old Town,end_of_day_food,end_of_day_food,Lane Eight Coffee,hello@laneeightcoffee.com,george@laneeightcoffee.com,,https://www.laneeightcoffee.com/,,,,"6 The Pavement, London",SW4 0HY,The Pavement,Coffee shop,,ChIJERyylxkFdkgR81_gbvp9paE,https://maps.google.com/?cid=11647854525819150323&g_mp=Cidnb29nbGUubWFwcy5wbGFjZXMudjEuUGxhY2VzLlNlYXJjaFRleHQQAhgEIAA
Clapham Old Town,end_of_day_food,end_of_day_food,Lina Stores Clapham - Italian Restaurant,einar@linastores.co.uk,bcannata@locandalocatelli.com,+44 20 3326 5548,https://www.linastores.co.uk/,https://www.instagram.com/linastores,https://www.facebook.com/linastores,,"22 The Pavement, London",SW4 0HY,The Pavement,Italian restaurant,,ChIJaSqVVPcFdkgRCXBE5f7ihj8,https://maps.google.com/?cid=4577595655664726025&g_mp=Cidnb29nbGUubWFwcy5wbGFjZXMudjEuUGxhY2VzLlNlYXJjaFRleHQQAhgEIAA
Clapham Old Town,end_of_day_food,end_of_day_food,M.Moen & Sons,orders@moen.co.uk,christmas@moen.co.uk,+44 20 7622 1626,http://moen.co.uk/,https://www.instagram.com/moenandsons,https://www.facebook.com/M.MoenandSons,,"24 The Pavement, London",SW4 0JA,The Pavement,Butcher shop,,ChIJ-fU8Vk0EdkgRivuciVRHV0I,https://maps.google.com/?cid=4780367957888662410&g_mp=Cidnb29nbGUubWFwcy5wbGFjZXMudjEuUGxhY2VzLlNlYXJjaFRleHQQAhgEIAA
Clapham Old Town,end_of_day_food,end_of_day_food,Megan's Clapham Old Town Restaurant (Clapham),sercan@megans.co.uk,vincent@megans.co.uk,+44 20 3468 0215,https://megans.co.uk/locations/megans-clapham/,https://instagram.com/megansrestaurants,https://www.facebook.com/1827134877590043,,"55-57 The Pavement, London",SW4 0JQ,The Pavement,Mediterranean restaurant,,ChIJCdydQTwFdkgRLRWkVchU7NQ,https://maps.google.com/?cid=15342731249951446317&g_mp=Cidnb29nbGUubWFwcy5wbGFjZXMudjEuUGxhY2VzLlNlYXJjaFRleHQQAhgEIAA
Clapham Old Town,end_of_day_food,end_of_day_food,Minnow Clapham,info@minnowclapham.co.uk,,+44 20 7720 4105,https://minnowclapham.co.uk/?utm_source=google&utm_medium=maps,https://www.instagram.com/minnowclapham,https://www.facebook.com/minnowclapham,,"The Pavement Cafe, 21 The Pavement, London",SW4 0HY,The Pavement,Restaurant,,ChIJxcdQV00EdkgRKQX2UVNnheE,https://maps.google.com/?cid=16250508437991327017&g_mp=Cidnb29nbGUubWFwcy5wbGFjZXMudjEuUGxhY2VzLlNlYXJjaFRleHQQAhgEIAA
Clapham Old Town,end_of_day_food,end_of_day_food,Rudy's Pizza Napoletana - Clapham Common,hannahmay@rudyspizza.co.uk,manchesterancoats@rudyspizza.co.uk,+44 20 8165 9965,https://www.rudyspizza.co.uk/location/clapham-common/,,https://www.facebook.com/1522360067987426,,"15 The Pavement, London",SW4 0HY,The Pavement,Pizza restaurant,,ChIJjQyBfWUFdkgRfUMZPUsg2jY,https://maps.google.com/?cid=3952507130490733437&g_mp=Cidnb29nbGUubWFwcy5wbGFjZXMudjEuUGxhY2VzLlNlYXJjaFRleHQQAhgEIAA
Clapham High Street,curated_object,fashion,Lark Clapham,hello@larklondon.com,larklondonbuyingteam@gmail.com,+44 20 7627 0482,http://www.larklondon.com/,,,,"127 Clapham High St, London",SW4 7SS,Clapham High St,Gift shop,,ChIJa1q3XR4FdkgRu0e-xeipRqo,https://maps.google.com/?cid=12269681052032583611&g_mp=Cidnb29nbGUubWFwcy5wbGFjZXMudjEuUGxhY2VzLlNlYXJjaFRleHQQAhgEIAA
Clapham High Street,empty_chair,empty_chair,@ Clapham Hair and Beauty,info@claphamhairandbeauty.com,,,http://www.claphamhairandbeauty.com/,https://www.instagram.com/tl.professional,https://www.facebook.com/107161374784125,,"100 Clapham High St, London",SW4 7UL,Clapham High St,Beauty salon,,ChIJM5NPWOwFdkgRzMKogjcDbt4,https://maps.google.com/?cid=16027751660808356556&g_mp=Cidnb29nbGUubWFwcy5wbGFjZXMudjEuUGxhY2VzLlNlYXJjaFRleHQQAhgEIAA
Clapham High Street,empty_chair,empty_chair,Be Styled By Chen,bestyledbychen@gmail.com,,+44 7539 249351,http://www.bestyledbychen.com/,,,https://wa.me/447539249351,"100 Clapham High St, London",SW4 7UL,Clapham High St,Hair salon,,ChIJbbAoTvAFdkgR2_0bUyl03h8,https://maps.google.com/?cid=2296400580842356187&g_mp=Cidnb29nbGUubWFwcy5wbGFjZXMudjEuUGxhY2VzLlNlYXJjaFRleHQQAhgEIAA
Clapham High Street,empty_chair,empty_chair,Beyond The Brush Ldn By Monique,beyondthebrushldn@outlook.com,,+44 7882 937810,https://www.beyondthebrushldn.com/,,,https://wa.me/447882937810,"100 Clapham High St, London",SW4 7UL,Clapham High St,Hair salon,,ChIJ4Xsi1hcFdkgRBt5J3EWZPwE,https://maps.google.com/?cid=89959042898320902&g_mp=Cidnb29nbGUubWFwcy5wbGFjZXMudjEuUGxhY2VzLlNlYXJjaFRleHQQAhgEIAA
Clapham High Street,empty_chair,empty_chair,Clapham Barbers,info@claphambarbers.co.uk,,+44 20 3536 2452,https://www.claphambarbers.co.uk/,https://www.instagram.com/claphambarbers,https://www.facebook.com/Claphambarbers,,"128 Clapham High St, London",SW4 7UH,Clapham High St,Barber shop,,ChIJfXRHBFIEdkgRgFsoDn3Aq1w,https://maps.google.com/?cid=6677642515847863168&g_mp=Cidnb29nbGUubWFwcy5wbGFjZXMudjEuUGxhY2VzLlNlYXJjaFRleHQQAhgEIAA
Clapham High Street,empty_chair,empty_chair,Danugur Clapham/Stockwell,info@danugur.co.uk,info@danugur.com,+44 7552 827154,https://www.danugur.co.uk/,,https://www.facebook.com/DanugurGrooming,https://wa.me/447552827154,"Light Centre, 151-153 Clapham High St, London",SW4 7SS,Clapham High St,Skin care clinic,,ChIJn4e12SgFdkgRtQ7qidPNxj8,https://maps.google.com/?cid=4595586778213781173&g_mp=Cidnb29nbGUubWFwcy5wbGFjZXMudjEuUGxhY2VzLlNlYXJjaFRleHQQAhgEIAA
Clapham High Street,empty_chair,empty_chair,SW4 BARBERS,sw4barbers@yahoo.com,,+44 20 8127 6280,https://sw4barbers.co.uk/,,,,"6 Clapham High St, London",SW4 7UT,Clapham High St,Barber shop,,ChIJWW4-MIAFdkgROGJ8ofUntTg,https://maps.google.com/?cid=4086216172838347320&g_mp=Cidnb29nbGUubWFwcy5wbGFjZXMudjEuUGxhY2VzLlNlYXJjaFRleHQQAhgEIAA
Clapham High Street,empty_chair,empty_chair,Venus Barbers,venusbarbersclapham@yahoo.com,venusbarbersclapham@gmail.com,+44 20 7627 1477,https://venusbarbersclapham.co.uk/,https://www.instagram.com/venus.barbers,,,"105A Clapham High St, London",SW4 7TB,Clapham High St,Barber shop,,ChIJxQ_1h00EdkgREHYqo7lOgAY,https://maps.google.com/?cid=468460920459916816&g_mp=Cidnb29nbGUubWFwcy5wbGFjZXMudjEuUGxhY2VzLlNlYXJjaFRleHQQAhgEIAA
Clapham High Street,end_of_day_food,end_of_day_food,La Rueda Italian Social House,mktlarueda@gmail.com,,+44 20 7627 2173,https://www.laruedaclapham.co.uk/,https://instagram.com/larueda_clapham,,,"66 Clapham High St, London",SW4 7UL,Clapham High St,Italian restaurant,,ChIJV_qOwFEEdkgRRmVkaeLFxDc,https://maps.google.com/?cid=4018554343742793030&g_mp=Cidnb29nbGUubWFwcy5wbGFjZXMudjEuUGxhY2VzLlNlYXJjaFRleHQQAhgEIAA
Clapham High Street,end_of_day_food,end_of_day_food,Olives + Meze Takeaway,contact@olivesandmeze.co.uk,hi@olivesandmeze.co.uk,+44 20 3583 7790,http://www.olivesandmeze.co.uk/,https://www.instagram.com/olivesandmeze,https://www.facebook.com/olivesandmeze,,"131 Clapham High St, London",SW4 7SS,Clapham High St,Mediterranean restaurant,,ChIJM4jpB1IEdkgRsldknr7m0gw,https://maps.google.com/?cid=924054579939923890&g_mp=Cidnb29nbGUubWFwcy5wbGFjZXMudjEuUGxhY2VzLlNlYXJjaFRleHQQAhgEIAA
Clapham High Street,end_of_day_food,end_of_day_food,Soul Lounge,soulloungeldn@gmail.com,iaintordinaryevents@gmail.com,+44 7914 687983,https://www.soulloungeldn.com/,https://instagram.com/squarespace,,https://wa.me/447914687983,"76 Clapham High St, London",SW4 7UL,Clapham High St,Restaurant,,ChIJ8bKMDxYFdkgR-cbluWZDN90,https://maps.google.com/?cid=15940283514585728761&g_mp=Cidnb29nbGUubWFwcy5wbGFjZXMudjEuUGxhY2VzLlNlYXJjaFRleHQQAhgEIAA
