tier,outreach_priority,score,name,category,zone,postcode,address,meters_from_zone_center,lat,lng,source,why_fit,notes,place_id,district
A,now,98,Michael's Meat Market,Butcher shop,Brixton,SW9 8JL,49 Atlantic Rd,30,51.4625,-0.1128,research,Family butcher on Atlantic Rd since 1976 — classic day's-cut drops.,https://michaels-meats.localoria.com/,,SW9
A,now,98,Ilias Fish Shop,Fishmonger,Brixton,SW9 8PR,"Unit 16, Granville Arcade, Brixton Village",42,51.4623,-0.1119,research,Family fish & oyster counter advising on catch of the day — live lobster to Dover sole; ideal named catch drops in the Village cluster.,https://brixtonvillage.com/trader/ilias-fish-shop/,,SW9
A,now,98,Carniceria Los Andes,Butcher shop,Brixton,SW9 8PR,"Unit 13, Granville Arcade, Brixton Village",42,51.4623,-0.1119,research,Colombian butcher specialising in Latin cuts and pork — distinctive day's cuts differentiate from Moen/Ginger Pig in the Village.,https://brixtonvillage.com/trader/carniceria-los-andes/,,SW9
A,now,98,Harry Otto & Sons,Fishmonger,Brixton,SW9 8PB,"Units 22 & 99, Granville Arcade, Brixton Village",50,51.4624,-0.1118,research,"Three-generation Village fishmonger selling shellfish, red snapper and haddock — multi-decade indie catch counter.",https://brixtonvillage.com/trader/harry-otto-sons/,,SW9
A,now,98,Ramzey Fish Monger,Fishmonger,Brixton,SW9 8LB,33 Market Row,59,51.462,-0.1132,research,Traditional Market Row fishmonger with broad affordable seafood range — daily arrivals suit catch-of-the-day posts.,https://brixtonvillage.com/trader/ramzey-fish-monger/,,SW9
A,now,98,Philips Butchers,Butcher shop,Brixton,SW9 8LB,35 Market Row,65,51.462,-0.1133,research,Family Market Row butcher known for less-obvious cuts and pigs' heads each morning — strong day's-cut / limited tray story.,https://brixtonvillage.com/trader/philips-butcher/,,SW9
A,now,98,Dombey & Son,Butcher shop,Brixton,SW9 8LB,Unit 19 Market Row,65,51.46195,-0.11325,research,Long-running Market Row butcher (since 1983) — day's cuts in the Village pocket.,https://www.wearebrixtonvillage.co.uk/traders/dombey-and-son/,,SW9
A,now,97,IRENE,Bakery,Brixton,SW9 8PS,"Coldharbour Ln, London",58,51.462472600000005,-0.1117127,wave1_pins,Named daily batch / end-of-day loaves,,ChIJoxr5r4cFdkgRQfcJW9FRavU,SW9
A,now,97,Atlantic Bakery,Bakery,Brixton,SW9 8PU,"The Metropolis, 67 Atlantic Rd, London",143,51.4613074,-0.1111775,wave1_pins,Named daily batch / end-of-day loaves,,ChIJoyNUSm8EdkgR1K_JxmNLX9s,SW9
A,now,96,Dugard & Daughters,Butcher shop,Herne Hill,SE24 0EZ,"Arch 286, Milkwood Road",41,51.4532,-0.1015,research,"Family butcher & larder under Herne Hill station with rare-breed meat, dry-aged beef and artisan larder — perfect day's-cut drops.",https://dugardanddaughters.co.uk/,,SE24
A,now,96,Brixton Foods Halal Meat,Butcher shop,Brixton,SW9 8JY,9 Electric Avenue,96,51.4626,-0.1138,research_expansion,Active Electric Avenue halal butcher (Brixton Foods Halal Meat Ltd) with West Indian & African meats — day's cuts on the market street.,https://open.endole.co.uk/explorer/postcode/sw9-8jy,,SW9
A,now,96,A K Halal,Butcher shop,Brixton,SW9 8JP,21 Electric Avenue,96,51.4626,-0.1138,research_expansion,Independent Electric Avenue halal butcher — limited tray / day's cut story on the Brixton market spine.,https://www.allinlondon.co.uk/regions/brixton/streets/electric-avenue,,SW9
A,now,96,Daily Fresh Fish & Meat,Fishmonger,Brixton,SW9 8JX,16 Electric Avenue,96,51.4626,-0.1138,research_expansion,Active fish & meat retailer (inc. Jan 2025) on Electric Avenue — daily catch / meat trays fit catch-of-the-day drops.,https://find-and-update.company-information.service.gov.uk/company/16204707,,SW9
A,now,96,Brixton Quality Fresh Fish & Seafood,Fishmonger,Brixton,SW9 8JX,8 Electric Avenue,96,51.4626,-0.1138,research_expansion,Active Electric Avenue fish & seafood retailer (inc. May 2025) — street-market catch counter for named daily arrivals.,https://find-and-update.company-information.service.gov.uk/company/16434717,,SW9
A,now,96,L S Mash & Sons,Fishmonger,Brixton,SW9 8HX,Atlantic Road (Brixton market arches),130,51.463,-0.114,research_expansion,Long-cited Atlantic Road fishmonger (fresh & frozen seafood) — catch counter on the Brixton–station spine (verify unit still trading before outreach).,https://eatinbrixton.com/2014/04/08/fishmongers/,,SW9
A,now,96,Jones The Butcher,Butcher shop,Herne Hill,SE24 0NT,1 Dulwich Road,197,51.4545,-0.1035,research,"Three-generation Herne Hill butcher specialising in quality meat, poultry and game — classic limited day's cuts / pre-order collections.",https://jonesthebutcher.me.uk/contact/,,SE24
A,now,96,Fish Bargain Warehouse,Fishmonger,Brixton,SW2 5SG,32 Acre Lane,776,51.461,-0.1235,research_expansion,Long-running Acre Lane fish retailer (est. 1982) next to TRAID cluster — affordable seafood counter for catch specials.,https://ukbizdb.co.uk/company/fish-bargain-warehouse-limited-01627176,,SW9
A,now,95,Phil's Fruit and Green Grocers,Greengrocer,Brixton,SW9 8PR,Brixton Village,36,51.4622,-0.112,research,"Village greengrocer for yams, plantains, tropical produce — day's arrivals.",https://brixtonvillage.com/shop/,,SW9
A,now,95,Arapina Bakery - Herne Hill Market,Bakery,Herne Hill,SE24 0JN,"Railton Rd, London",38,51.4530062,-0.1025425,wave1_pins,Named daily batch / end-of-day loaves,,ChIJd7P8cu0FdkgRkwZisQatl6M,SE24
A,now,95,Blackbird Bakery Herne Hill,Bakery,Herne Hill,SE24 0JT,"230 Railton Rd, London",40,51.4526827,-0.1022767,wave1_pins,Named daily batch / end-of-day loaves,,ChIJLY9E3nIEdkgRraPhyUlJPsc,SE24
A,now,95,Dough Artisan Bakehouse,Bakery,Herne Hill,SE24 0EZ,"Arch 284, Milkwood Road",47,51.4532,-0.1014,research,Family scratch bakery next to Dugard arches; daily sourdough and pastry batches (Herne Hill loaf etc.) ready for named end-of-day drops.,https://www.doughbakehouse.co.uk/,,SE24
A,now,95,Esme's Organic Roots,Greengrocer,Brixton,SW9 8LD,"16A Market Row, Coldharbour Lane",77,51.4619,-0.1134,research,Black-owned family greengrocer (20+ years) for Caribbean/African produce and herbs — seasonal arrivals are natural named drops.,https://www.esmesherbalroots.com/about,,SW9
A,now,95,Brixton Foodland,Greengrocer,Brixton,SW9 8LD,6 Market Row,79,51.46195,-0.1135,research,"Traditional Afro-Caribbean greengrocer for yams, pulses, salt fish and fresh produce — day's produce specials fit greengrocer ICP.",https://brixtonvillage.com/trader/brixton-foodland/,,SW9
A,now,95,Brixton Cake Shop,Bakery,Herne Hill,SE24 9AA,53-59 Norwood Road,89,51.4535,-0.101,research_expansion,Independent cake shop on the Herne Hill Norwood Road strip facing Brockwell Park — named celebration and daily cakes fit perishable bakery drops.,http://www.southlondonguide.co.uk/hernehill/norwoodroad.htm,,SE24
A,now,95,Bunhead Bakery,Bakery,Herne Hill,SE24 0NG,145 Dulwich Road,195,51.4538,-0.1045,research_expansion,"Palestinian-founded indie bakery opposite Brockwell Park; rotating named sourdough buns (knafeh, za'atar & feta) close when sold out — textbook limited batch drops.",https://www.bunheadbakery.com/visit-us,,SE24
A,now,95,Christopher's,Bakery,Herne Hill,SE24 9JY,"145 Half Moon Ln, London",621,51.4533663,-0.0930599,wave1_pins,Named daily batch / end-of-day loaves,,ChIJYcwwmIoDdkgRCC4HcIPpeYM,SE24
A,now,95,Aries Bakehouse,Bakery,Brixton,SW2 5TU,99 Acre Lane,688,51.4605,-0.122,research_expansion,"Independent scratch bakery on Acre Lane; sourdough, challah and pastries often sell out — classic named daily batch / pre-order drops near Brixton.",https://honestbread.co.uk/bakery/aries-bakehouse/,,SW9
A,now,94,Guzzl,Deli,Brixton,SW9 8PR,"9, Granville Arcade, Coldharbour Ln, London",41,51.46221440000001,-0.11192249999999998,wave1_pins,Today’s specials / perishable counter,,ChIJGYz8qGgEdkgRyO7G5cCHNN0,SW9
A,now,94,The Black Farmer Brixton Farmshop,Farm shop,Brixton,SW9 8LD,25-27 Market Row,73,51.46195,-0.1134,research,Farmshop meat/fish/deli/produce — multi-drop,https://theblackfarmer.com/pages/the-black-farmer-brixton-farmshop,,SW9
A,now,94,Cinco Quinas (Talho Açougue),Butcher shop,Brixton,SW9 8HX,13 Atlantic Road,141,51.463,-0.1142,research,Portuguese butcher in Atlantic arches,eatinbrixton,,SW9
A,now,93,Ma Soda,Greengrocer,Brixton,SW9 8PR,"Unit 17, Granville Arcade, Brixton Village",42,51.4623,-0.1119,research_expansion,Multi-decade Latin & Caribbean greengrocer sourcing globally — day's produce arrivals for named limited drops.,https://brixtonvillage.com/trader/ma-soda/,,SW9
A,now,93,L'Atelier Patisserie,Bakery,Brixton,SW9 8LB,Market Row,66,51.4619,-0.1132,research,French patisserie — named cakes as drops,eatinbrixton,,SW9
A,now,93,Aziz Green Grocers,Greengrocer,Brixton,SW9 8JY,15 Electric Avenue,96,51.4626,-0.1138,research_expansion,Active Electric Avenue greengrocer (Companies House 07936624) — street-market fruit & veg day's arrivals on the Brixton spine.,https://open.endole.co.uk/explorer/postcode/sw9-8jy,,SW9
A,now,93,Danny's Greengrocers,Greengrocer,Brixton,SW9 8JP,19 Electric Avenue,96,51.4626,-0.1138,research_expansion,Independent Electric Avenue fruit & veg stall/shop — outdoor market greengrocer day's produce specials.,https://www.lambeth.co.uk/listing/152984-Dannys-Greengrocers/,,SW9
A,now,93,Abdul's Fruit & Veg,Greengrocer,Brixton,SW9 8JP,41 Electric Avenue,96,51.4626,-0.1138,research_expansion,Afro-Caribbean specialist greengrocer on Electric Avenue — tropical/seasonal produce arrivals suit day's boxes.,https://streets.openalfa.co.uk/streets/electric-lane-sw9-coldharbour-ward,,SW9
A,now,93,Asad Nasseri Quality Food & Veg,Greengrocer,Brixton,SW9 8JP,45 Electric Avenue,96,51.4626,-0.1138,research_expansion,Electric Avenue greengrocer listed in Lambeth directories — fresh fruit & veg counter on the market street.,https://www.lambeth.co.uk/listing/151786-Asad-Nasseri-Quality-Food-Veg/,,SW9
A,now,93,K.M Fresh Fruit & Vegetables,Greengrocer,Brixton,SW9 8JP,25 Electric Avenue,96,51.4626,-0.1138,research_expansion,"Electric Avenue fresh fruit, vegetables and groceries — another street greengrocer for day's arrivals density.",https://streets.openalfa.co.uk/streets/atlantic-road-sw9-coldharbour-ward-london-borough-of-lambeth-greater-london,,SW9
A,now,93,Seasons of England,Greengrocer,Herne Hill,SE24 0HY,292 Milkwood Road,267,51.452,-0.0985,research,Independent greengrocer (est. 1982) — seasonal produce / day's boxes.,http://www.southlondonguide.co.uk/hernehill/finefoodshops.htm,,SE24
A,now,92,The Sicilian Delicatessen,Deli,Herne Hill,SE24 0JN,313 Railton Road,18,51.4529,-0.1022,research,"Indie Sicilian/Italian deli by the station with fresh produce, sauces and counter goods next to Arapina/Sesami cluster — perishable specials fit.",https://thesicilian.com/pages/store-location,,SE24
A,now,92,Lulu's,Deli,Herne Hill,SE24 0JP,291 Railton Road,41,51.4532,-0.1025,research_expansion,"Deli-by-day from the Llewelyn's team; named sandwiches, pastries, Neal's Yard cheeses and house pickles — strong perishable counter specials beside the station.",https://thenudge.com/lulus/,,SE24
A,now,92,Raina Santa Portuguese Foods,Deli,Herne Hill,SE24 0JF,Milkwood Road,41,51.4532,-0.1015,research_expansion,Portuguese deli foods on Milkwood Road arches corridor toward Herne Hill — specialty deli counter on the walkable spine (confirm unit still open).,https://www.allinlondon.co.uk/regions/dulwich/streets/milkwood-road,,SE24
A,now,92,Latin & Caribbean Food Store,Greengrocer,Brixton,SW9 8PR,Brixton Village,57,51.4622,-0.1117,research,Caribbean produce arrivals,brixtonvillage.com,,SW9
A,now,92,Cafe' del Cuore (cafe' of the heart),Deli,Herne Hill,SE24 9JY,"135 Half Moon Ln, London",572,51.4532856,-0.0937643,wave1_pins,Today’s specials / perishable counter,,ChIJtUniX3UEdkgRE6dJFifiUgc,SE24
A,now,92,Gusto Italiano,Deli,Herne Hill,SE24 9JY,135 Half Moon Lane,576,51.4533,-0.0937,research_expansion,"Italian cafe-deli with focaccia, quiches, cheese/meat counter and soup of the day — named daily specials next to Christopher's cluster.",https://localitybiz.co.uk/10033316/gusto-italiano-london,,SE24
A,now,90,Nour Cash & Carry,Greengrocer,Brixton,SW9 8PR,Granville Arcade,41,51.4621,-0.112,research,Long-running Village produce,eatinbrixton,,SW9
A,now,90,The Flower Lady,Florist,Herne Hill,SE24 0JP,297 Railton Road,41,51.4532,-0.1025,research_expansion,Physical shopfront florist by Herne Hill station (Elaine Partleton); same-day stems beside Lulu's — only classic station florist on the Railton spine.,https://www.hernehillsociety.org.uk/history-of-shops/297-railton-road/,,SE24
A,now,90,Salon Delicatessen,Deli,Brixton,SW9 8LB,Market Row,56,51.4619,-0.113,research,Market Row deli specials,eatinbrixton,,SW9
A,now,90,Brothers Green The Florist,Florist,Herne Hill,SE24 9HU,"4-6 Half Moon Ln, London",72,51.4526557,-0.1011126,wave1_pins,"Same-day stems / weekly specials — visual, scarce, collect today",,ChIJazsTkEoFdkgRoSYdM6W04Dk,SE24
A,now,90,My Village Shop,Greengrocer,Brixton,SW9 8HX,Electric Ave & Atlantic Rd,89,51.4628,-0.1135,research,Day's fruit / exotic produce,eatinbrixton,,SW9
A,now,90,Royal Trinity Hospice Brixton,Charity shop,Brixton,SW9 8EQ,494 Brixton Road,169,51.4628,-0.1148,research,Charity fashion/homeware by Brixton station — one-off claimable finds,https://www.royaltrinityhospice.london/brixton,,SW9
A,now,90,Il Sovrano,Deli,Herne Hill,SW2,Tulse Hill / Brixton Water Lane end,500,51.4505,-0.108,research,Italian deli — named sandwiches that sell out,eatinbrixton,,SE24
A,now,90,TRAID Brixton,Charity shop,Brixton,SW2 5SG,2 Acre Lane,776,51.461,-0.1235,research,Fashion-forward charity retail — one-off rail pieces perfect for curated drops,https://traid.org.uk/shop-at-traid/,,SW9
A,now,88,Leona Vintage,Vintage,Brixton,SW9 8PR,Brixton Village,42,51.4623,-0.1119,research,Vintage + flowers/plants one-offs,brixtonvillage.com,,SW9
A,now,88,Champagne + Fromage Brixton,Specialty food,Brixton,SW9 8PR,Brixton Village,48,51.462,-0.112,research,Cheese specialist — limited named cheeses,champagneplusfromage.co.uk,,SW9
A,now,88,Oxfam Herne Hill,Charity shop,Herne Hill,SE24 9HU,20 Half Moon Lane,125,51.4531,-0.1002,research,Charity shop on Half Moon Lane — one-offs next to Brothers Green cluster,local listing — verify still open before outreach,,SE24
A,now,88,Jarr Market,Zero waste,Herne Hill,SE24 9JU,19 Half Moon Lane,139,51.4531,-0.1,research,Zero-waste grocery / seasonal limited,jarrmarket.co.uk,,SE24
A,now,88,Barnardo's Brixton,Charity shop,Brixton,SW9 7AY,406-408 Brixton Road,226,51.4615,-0.1155,research,Charity retail on Brixton Road — curated second-hand drops,local listing,,SW9
A,now,88,British Heart Foundation Brixton Furniture & Electrical,Charity shop,Brixton,SW2 5SP,36-38 Acre Lane,744,51.4609,-0.123,research_expansion,BHF charity furniture/electricals shop on Acre Lane — one-off homeware finds next to TRAID for curated_object drops.,https://www.bhf.org.uk/what-we-do/find-bhf-near-you/brixton-furniture-electrical-store,,SW9
A,now,87,Sloe Vintage,Vintage,Brixton,SW9 8PR,Brixton Village,36,51.4624,-0.112,research,Vintage fashion rail drops,brixtonvillage.com,,SW9
A,now,86,Lark Herne Hill,Vintage,Herne Hill,SE24 0JN,"317 Railton Rd, London",32,51.452752,-0.1017705,wave1_pins,One-off curated pieces,,,SE24
A,now,86,Brixton Bazaar,Specialty food,Brixton,SW9 8LN,437 Coldharbour Lane,33,51.462,-0.1125,research_expansion,"Nour family specialty grocery (ex-Village Cash & Carry) with herbs, beverages and world groceries on Coldharbour Lane corridor — specialty food ICP.",https://www.brixtonbuzz.com/2026/04/nour-cash-carry-in-brixton-village-has-now-permanently-closed-but/,,SW9
A,now,86,Full Moon Designs,Vintage,Brixton,SW9 8PR,"8, Brixton Village, First Avenue, London",38,51.462235500000006,-0.1119549,wave1_pins,One-off curated pieces,,,SW9
A,now,86,Ali Food Store,Specialty food,Brixton,SW9 8PR,"Units 83-84, Granville Arcade, Brixton Village",42,51.4623,-0.1119,research_expansion,"Latin supermarket finds (plantain, pan de muerto, pony malta) — specialty perishable grocery drops in the Village.",https://brixtonvillage.com/trader/ali-food-store/,,SW9
A,now,86,Wish,Vintage,Herne Hill,SE24 0JT,"238 Railton Rd, London",48,51.4525698,-0.1018882,wave1_pins,One-off curated pieces,,,SE24
A,now,86,Circus,Vintage,Brixton,SW9 8PR,Brixton Village,48,51.4623,-0.1118,research,Curated vintage one-offs,brixtonvillage.com,,SW9
A,now,86,Sierra Leone Groceries,Specialty food,Brixton,SW9 8PR,Brixton Village,50,51.4622,-0.1118,research,West African specialty grocery,brixtonvillage.com,,SW9
A,now,86,Diverse,Vintage,Brixton,SW9 8LF,"390 Coldharbour Ln, London",59,51.4617946,-0.11276589999999999,wave1_pins,One-off curated pieces,,,SW9
A,now,86,Rachel & Malika's,Vintage,Brixton,SW9 8PR,"Granville Arcade, Coldharbour Ln, London",60,51.462680299999995,-0.11189579999999999,wave1_pins,One-off curated pieces,,,SW9
A,now,86,Nyame & Bekyare,Specialty food,Brixton,SW9 8LB,"Unit 17, Electric Lane, Brixton Village",68,51.46195,-0.1133,research_expansion,Traditional Afro-Caribbean produce store with international supermarket items rarely found in UK chains — specialty food ICP on market edge.,https://brixtonvillage.com/trader/nyame-bekyare/,,SW9
A,now,86,Brothers Green Vintage,Vintage,Herne Hill,SE24 9HU,"4 Half Moon Ln, London",72,51.452655899999996,-0.1011131,wave1_pins,One-off curated pieces,,,SE24
A,now,86,Lalune London,Vintage,Brixton,SW9 8LB,"Lalune, 24 Market Row, London",75,51.4619448,-0.11341769999999998,wave1_pins,One-off curated pieces,,,SW9
A,now,86,Africa Shopping Centre,Specialty food,Brixton,SW9 8JR,24-26 Electric Avenue,96,51.4626,-0.1138,research_expansion,Electric Avenue African specialty grocery — hard-to-find staples and produce for specialty food drops on the market street.,https://www.allinlondon.co.uk/regions/brixton/streets/electric-avenue,,SW9
A,now,86,Brixton Wholefoods,Specialty food,Brixton,SW9 8PU,59 Atlantic Road,130,51.4614,-0.1113,research_expansion,"Indie wholefoods shop since 1982; bulk grains, herbs, organic staples and hard-to-find health foods — specialty perishable/refill drops on Atlantic Rd spine.",http://www.brixtonwholefoods.com/,,SW9
A,now,85,Quirky Dovetail,Vintage,Brixton,SW2 5TN,61 Acre Lane,612,51.4608,-0.121,research,Upcycled vintage on Acre Lane,quirkydovetail.co.uk,,SW9
A,now,84,Wild + Lees,Wine shop,Herne Hill,SE24 9HU,"2 Half Moon Ln, London",74,51.4526037,-0.1011478,wave1_pins,Limited bottles / weekly specials,,,SE24
A,now,84,Bottle + Rye,Wine shop,Brixton,SW9 8LD,"Ground Floor, 404-406 Market Row, London",77,51.4617467,-0.11316980000000001,wave1_pins,Limited bottles / weekly specials,,,SW9
A,now,84,Ghost Whale,Wine shop,Brixton,SW9 8PX,"70 Atlantic Rd, London",176,51.460936,-0.1112,wave1_pins,Limited bottles / weekly specials,,,SW9
A,now,82,Round Table Books,Book shop,Brixton,SW9 8PR,"Brixton Village, 10-11 Granville Arcade, Coldharbour Ln, London",33,51.4622896,-0.1120188,wave1_pins,Staff picks as drops,,,SW9
A,now,82,Herne Hill Books,Book shop,Herne Hill,SE24 0LY,"289 Railton Rd, London",68,51.453256599999996,-0.102883,wave1_pins,Staff picks as drops,,,SE24
A,now,82,Beautiful Books,Book shop,Brixton,SW9 8PD,"24 Brixton Station Rd, London",121,51.4632139,-0.1134521,wave1_pins,Staff picks as drops,,,SW9
A,now,82,BookMongers,Book shop,Brixton,SW9 8LN,"439 Coldharbour Ln, London",131,51.4614986,-0.1138935,wave1_pins,Staff picks as drops,,,SW9
A,now,82,The Paper Cat Children's Bookshop,Book shop,Herne Hill,SE24 9JU,"25 Half Moon Ln, London",147,51.453076499999995,-0.0998852,wave1_pins,Staff picks as drops,,,SE24
A,now,82,ABLE REBIRTH RECORDS,Book shop,Brixton,SW9 8RR,"0 1, Green Man Court, 229 Coldharbour Ln, London",738,51.465320899999995,-0.1030208,wave1_pins,Staff picks as drops,,,SW9
A,now,82,BHF Brixton Acre Lane,Charity shop,Brixton,SW2 5SP,36-38 Acre Lane,744,51.4609,-0.123,research,Charity homeware/furniture finds,bhf.org.uk,,SW9
B,next,74,Off the Cuff,Cafe,Herne Hill,SE24 0JN,"Arch 645, 301-303 Railton Rd",22,51.4532,-0.102,research,Station-arch cafe with cheeses/specials,offthecuffbar.co.uk,,SE24
B,next,74,Express Cafe,Coffee shop,Brixton,SW9 8LB,"15-17 Market Row, London",62,51.462055899999996,-0.11329679999999999,wave1_pins,Pastry / batch specials as named items,,ChIJAYMKmmgEdkgR8bMfQkwp1UM,SW9
B,next,74,Cafe Rio,Cafe,Brixton,SW9 8PE,"30 Brixton Station Rd, London",93,51.463049299999994,-0.11309840000000002,wave1_pins,Daily special / pastry drop if they plate fresh,,ChIJYZZ0MWYEdkgRnPbmSc_T7dI,SW9
B,next,74,Lala Cafe Brixton,Cafe,Brixton,SW9 8PE,"30 Brixton Station Rd, London",93,51.463049299999994,-0.11309840000000002,wave1_pins,Daily special / pastry drop if they plate fresh,,ChIJ96NMq1oFdkgR1iwCsNI28Vg,SW9
B,next,74,No.61,Coffee shop,Brixton,SW9 8PU,"The Metropolis, 61 Atlantic Rd, London",104,51.461638199999996,-0.11144559999999999,wave1_pins,Pastry / batch specials as named items,,ChIJwXZTXy8FdkgRw9Lqak1DB_0,SW9
B,next,74,Brixtonia,Cafe,Brixton,SW9 8PB,"19 Brixton Station Rd, London",174,51.4638201,-0.1131252,wave1_pins,Daily special / pastry drop if they plate fresh,,ChIJ9WToChgFdkgR_44-0v7T-Uk,SW9
B,next,74,F. Mondays Coffee,Coffee shop,Brixton,SW2 1JG,"436 Coldharbour Ln, London",176,51.4615314,-0.114717,wave1_pins,Pastry / batch specials as named items,,ChIJYT-R-xcFdkgRrmH0y2OONzg,SW2
B,next,74,Sendero Specialty Coffee Brixton,Coffee shop,Brixton,SW9 8HX,"1 Atlantic Rd, London",185,51.46329540000001,-0.11464049999999999,wave1_pins,Pastry / batch specials as named items,,ChIJdRyTKQ0FdkgRQkgiNJ1n388,SW9
B,next,74,PARISSI,Cafe,Brixton,SW9 8PX,"76 Atlantic Rd, London",185,51.4608369,-0.11122430000000001,wave1_pins,Daily special / pastry drop if they plate fresh,,ChIJn3ZmNG8EdkgRPZBvrtj9iZI,SW9
B,next,74,Koala Coffee & Ice Cream,Coffee shop,Brixton,SE24 0LF,"64 Railton Rd, London",475,51.4585182,-0.1093036,wave1_pins,Pastry / batch specials as named items,,ChIJMQkh54IFdkgRtCH3P3FQxBQ,SE24
B,next,72,Cuppo Bubbo,Cafe,Herne Hill,SE24 9LR,167 Herne Hill,0,51.453,-0.102,research_expansion,Indie Herne Hill tea cafe with sit-in space and pastry/cheese-crown options — lighter Tier B near station (prefer bakers/delis first).,https://www.cuppobubbo.co.uk/locations,,SE24
B,next,72,Sesami,Coffee shop,Herne Hill,SE24 0JN,"307 Railton Rd, London",14,51.452880799999996,-0.102056,wave1_pins,Pastry / batch specials as named items,,ChIJ1WQWdlgFdkgRfzf9HS19rsw,SE24
B,next,72,"Perks & White coffee, Herne Hill Station",Coffee shop,Herne Hill,SE24 0JW,"Station Ticket Hall, Herne Hill, Railton Rd, London",18,51.4530992,-0.1022043,wave1_pins,Pastry / batch specials,,,SE24
B,next,72,Goodness! Cafe by Harry's Kitchen,Cafe,Herne Hill,SE24 0EZ,288 Milkwood Road,41,51.4532,-0.1015,research_expansion,Indie cafe in the Herne Hill arches next to Dough/Dugard — plated specials in the densest Herne Hill food pocket.,https://www.allinlondon.co.uk/regions/dulwich/streets/milkwood-road,,SE24
B,next,72,Arcade Coffee & Co,Cafe,Herne Hill,SE24 0HH,Milkwood Road,41,51.4532,-0.1015,research_expansion,Indie cafe on Milkwood Road arches between LJ and Herne Hill — Tier B coffee with food on the corridor spine.,https://www.allinlondon.co.uk/regions/dulwich/streets/milkwood-road,,SE24
B,next,72,Oracles Juice Bar,Cafe,Brixton,SW9 8PR,"Unit 90, Granville Arcade, Brixton Village",42,51.4623,-0.1119,research_expansion,"Long-running Village vegan juice/cafe with sandwiches, raw cakes and named liquid meals — Tier B daily specials in the arcade.",https://brixtonvillage.com/trader/oracles-juice-bar/,,SW9
B,next,72,Macatia and Coffee,Coffee shop,Herne Hill,SE24 9JU,"1A Half Moon Ln, London",56,51.4525869,-0.10154439999999999,wave1_pins,Pastry / batch specials as named items,,ChIJOaTXQzYFdkgRoxXKaqVQCH8,SE24
B,next,72,Healthy Eaters,Cafe,Brixton,SW9 8LD,"Market Row, Brixton Village",73,51.46195,-0.1134,research_expansion,Long-standing Jamaican Market Row cafe (20+ years) with named daily Caribbean plates — Tier B specials in the densest food block.,https://brixtonvillage.com/market-row/,,SW9
B,next,72,Mino Pottery Painting & Cafe,Cafe,Herne Hill,SE24 9HU,16 Half Moon Lane,77,51.4527,-0.101,research_expansion,Pottery cafe with speciality coffee and sweet treats beside Brothers Green/Oxfam — Tier B only if food partners thin; not primary ICP.,https://minopotterypainting.co.uk/contact/,,SE24
B,next,72,The Parlour,Cafe,Herne Hill,SE24 9AA,19 Norwood Road,89,51.4535,-0.101,research_expansion,"Indie cafe with daily-changing Buddha bowls/stews, homemade cakes and named breakfast plates — strong Tier B named-specials fit.",https://www.brixtonbuzz.com/2017/02/the-parlour-on-norwood-road-a-great-new-coffee-shop-for-herne-hill-south-london/,,SE24
B,next,72,Steve's Cafe,Cafe,Herne Hill,SE24 9AA,71 Norwood Road,89,51.4535,-0.101,research_expansion,Traditional independent cafe on Norwood Road (open early) with dine-in/takeaway plates — Tier B neighbourhood specials by the station.,http://www.southlondonguide.co.uk/hernehill/norwoodroad.htm,,SE24
B,next,72,Elsewhere Coffee,Cafe,Herne Hill,SE24 9JU,1A Half Moon Lane,139,51.4531,-0.1,research_expansion,"Indie brew bar under the railway bridge; own-roasted coffee with pastries, cakes and snacks — Tier B cafe with plated bakery specials.",http://www.southlondonguide.co.uk/hernehill/halfmoonlane.htm,,SE24
B,next,72,Flo's,Coffee shop,Herne Hill,SE24 9JU,"23 Half Moon Ln, London",145,51.4530976,-0.09992,wave1_pins,Pastry / batch specials as named items,,ChIJiR62zSYFdkgR0pIMP_uzh5c,SE24
B,next,72,Railton Lounge,Coffee shop,Herne Hill,SE24 0JX,"126 Railton Rd, London",368,51.455655199999995,-0.1051583,wave1_pins,Pastry / batch specials as named items,,ChIJuc7P7JMFdkgRsy0UqO0RtW0,SE24
B,next,72,Sam's Cafe,Cafe,Brixton,SW2 5TN,85 Acre Lane,713,51.4608,-0.1225,research_expansion,Independent Acre Lane cafe with wall-menu breakfast/lunch and a daily special — classic Tier B named plate drops near TRAID/BHF.,https://eatinbrixton.com/2019/05/09/sams-cafe/,,SW9
B,next,72,The Travel Caffé,Coffee shop,Brixton,SW9 8SD,"228 Coldharbour Ln, London",736,51.465641999999995,-0.10333729999999999,wave1_pins,Pastry / batch specials,,,SW9
B,next,72,Four Boroughs - Coldharbour Works,Coffee shop,Brixton,SW9 8RR,"Four Boroughs, Coldharbour Works, 245a Coldharbour Ln, London",750,51.46474,-0.10240669999999999,wave1_pins,Pastry / batch specials,,,SW9
B,next,72,LJ Grind,Cafe,Brixton,SW9 8SA,"204 Coldharbour Ln, London",862,51.4662545,-0.1017893,wave1_pins,Daily special,,,SW9
B,next,72,Viv’s Coffee,Coffee shop,Brixton,SE5 9QH,"198 Coldharbour Ln, London",906,51.466487799999996,-0.1012879,wave1_pins,Pastry / batch specials,,,SW9
B,next,70,Sessa,Cafe,Herne Hill,SE24 0JT,222 Railton Road,24,51.4529,-0.1023,research,All-day cafe/bar — daily specials potential,southlondonguide,,SE24
B,next,65,ALL ROADS BRIXTON,Specialty food,Brixton,SW9 8JN,"44 Atlantic Rd, London",16,51.462154899999994,-0.1125071,wave1_pins,Named limited specialty stock,,,SW9
B,next,65,La Taberna Del Sabor,Specialty food,Brixton,SW9 8JL,"47 Atlantic Rd, London",34,51.4622666,-0.1120141,wave1_pins,Named limited specialty stock,,,SW9
B,next,65,Cantinho Mineiro,Specialty food,Brixton,SW9 8PS,"Granville Arcade, Coldharbour Ln, London",48,51.462365,-0.11180989999999999,wave1_pins,Named limited specialty stock,,,SW9
B,next,65,Danclair's Kitchen,Specialty food,Brixton,SW9 8PS,"67-68, Granville Arcade, Coldharbour Ln, London",52,51.462493099999996,-0.11181350000000001,wave1_pins,Named limited specialty stock,,,SW9
B,next,65,Herne Hill Foods,Specialty food,Herne Hill,SE24 0JT,"240 Railton Rd, London",56,51.4524991,-0.1018954,wave1_pins,Named limited specialty stock,,,SE24
B,next,65,Llewelyn's,Specialty food,Herne Hill,SE24 0JP,"293-295 Railton Rd, London",61,51.453288199999996,-0.10274119999999999,wave1_pins,Named limited specialty stock,,,SE24
B,next,65,La Nonna (Pasta fresca),Specialty food,Brixton,SW9 8LB,"7 Market Row, London",63,51.4620251,-0.1133031,wave1_pins,Named limited specialty stock,,,SW9
B,next,65,OKAN Brixton Village,Specialty food,Brixton,SW9 8PS,"39, Brixton Village, Coldharbour Ln, London",64,51.462564099999994,-0.11167149999999999,wave1_pins,Named limited specialty stock,,,SW9
B,next,65,Sarava Creperie Bar & Cafe,Specialty food,Brixton,SW9 8PS,"41-42, Market, Brixton Village, Coldharbour Ln, London",64,51.462469899999995,-0.11161639999999999,wave1_pins,Named limited specialty stock,,,SW9
B,next,65,Arepa & Co Venezuelan Restaurant Brixton,Specialty food,Brixton,SW9 8LD,"14B, C, Market Row, London",75,51.4618426,-0.11329149999999999,wave1_pins,Named limited specialty stock,,,SW9
B,next,65,COLIBRI RESTAURANT & BAR,Specialty food,Brixton,SW9 8LF,"426 Coldharbour Ln, London",125,51.461625,-0.1139457,wave1_pins,Named limited specialty stock,,,SW9
B,next,65,Brixton Spritz,Specialty food,Brixton,SW9 8QQ,"21 Brixton Station Rd, London",135,51.4633798,-0.11339800000000001,wave1_pins,Named limited specialty stock,,,SW9
B,next,65,Kalandula Brixton,Specialty food,Brixton,SW9 8PA,"5 Brixton Station Rd, London",176,51.4635064,-0.1141441,wave1_pins,Named limited specialty stock,,,SW9
B,next,65,OKAN Brixton East,Specialty food,Brixton,SW9 8QH,"338 Coldharbour Ln, London",278,51.462892599999996,-0.10860629999999999,wave1_pins,Named limited specialty stock,,,SW9
B,next,65,Whole Beast,Specialty food,Brixton,SW9 8QH,"336 Coldharbour Ln, London",283,51.462927,-0.1085376,wave1_pins,Named limited specialty stock,,,SW9
B,next,65,Maureen's Brixton Kitchen,Specialty food,Brixton,SE24 0LF,"52 Railton Rd, London",431,51.458850299999995,-0.1096509,wave1_pins,Named limited specialty stock,,,SW9
B,next,65,West 16th,Specialty food,Herne Hill,SE24 9JY,"137 Half Moon Ln, London",576,51.453338599999995,-0.09370189999999999,wave1_pins,Named limited specialty stock,,,SE24
B,next,65,Kai Hung,Specialty food,Herne Hill,SE24 0LD,"88 Railton Rd, London",609,51.457279,-0.107482,wave1_pins,Named limited specialty stock,,,SE24
